,Unnamed: 0,User Id,Comment Id,Comment Text,Publish Date,Comment Length,sentiment,sent
0,0,56597613313,17908610195809218,Beautiful couple,2024-01-03,16.0,0.5994,Positive
1,1,56597613313,18026938972723984,She is the prize,2024-01-03,16.0,0.5106,Positive
2,2,236447151,17919327446765056,@jariruiz â€¦ You are giving yourself & these nosey-azz commenters tooo much power.  Only God knows whatâ€™s best for here!!,2024-01-03,120.0,0.8513,Positive
3,3,236447151,17989393328603270,"@jariruiz **only God knows whatâ€™s best for her (Simone),",2024-01-03,56.0,0.743,Positive
4,4,236447151,17968603745528169,@melomatlala â€¦ I too like & admire Simone Biles but she is human & all humans have faults.  Yâ€™all are acting like she is perfect but all yâ€™all know is what she & other celebrities allow yâ€™all to see.  They can always edit &/or say â€œcut.â€,2024-01-03,237.0,0.8519,Positive
5,5,236447151,18326778160106670,ğŸ’¯TRUTH!,2024-01-03,7.0,0.0,Neutral
6,6,236447151,18004701389252137,"@gabmoncayozerga â€¦ Everybody isnâ€™t stuck on money.  He obviously is rich himself. But Simone married him because she loved him even if she made more money. Money is not more important than love,",2024-01-03,194.0,0.9206,Positive
7,7,236447151,18013411078935797,@anastaciaa.04 â€¦ Do you know Jonathan and Simone? You people are acting butt hurt about people you will never know.  Leave these people alone and mind your own business!,2024-01-03,169.0,-0.6751,Negative
8,8,236447151,18039029260615708,"@shanboodram â€¦ And then theyâ€™ll go on another tangent about how he didnâ€™t mean it, how he only did it because he was called on it, he was embarrassed because Simone was going to divorce him, etc.",2024-01-03,195.0,-0.3612,Negative
9,9,236447151,17944266374651723,Do you know Jonathan?,2024-01-03,21.0,0.0,Neutral
10,10,49748135263,18035008489662839,Ayo chill ğŸ˜‚ğŸ˜‚,2024-01-03,12.0,0.7003,Positive
11,11,51192076373,17991355835588496,"A random football player, not a star and not a catch",2024-01-04,52.0,0.0,Neutral
12,12,1149216113,17900166959927060,@genevieve93 an ICON!!!!!,2024-01-04,25.0,0.0,Neutral
13,13,1149216113,18017360498006406,"She is an ICON, put some respect on her name!",2024-01-04,45.0,0.5255,Positive
14,14,3022221313,18018772471983763,Mr Simone Biles ğŸ‘‹ğŸ¾,2024-01-04,18.0,0.4939,Positive
15,15,4618223954,17909070923894808,@elizabethvtemple but you obviously didn't put thought into that parrot colored eyeliner I can't even say it was a nice try.,2024-01-04,124.0,0.5719,Positive
16,16,4618223954,17894437388878076,@thedarkandlovely1 don't be mad at me your hair comes from an alpacas backside. The fact that you speak emoji tells me how immature and ghetto you are. You look like you are 45 stop using emojis like for real just stop it. I just know when the wind blows harder than a light breeze you gotta hold tight to that yak number 9. Once again I am celibate towards booger woofs like yourself who wear gerbil hair on their head.,2024-01-04,420.0,0.7208,Positive
17,17,4618223954,17962312835689407,@thedarkandlovely1 why do you keep saying I sought you out? Who are you? Sorry I do not talk to women wearing weasel fur on their head.,2024-01-04,135.0,-0.168,Negative
18,18,10125662060,18018834332057265,itâ€™s simone bilesâ€™ husband???,2024-01-04,29.0,0.0,Neutral
19,19,4618223954,17994086423414322,@thedarkandlovely1 the only bitter one is you. You are not even happy with yourself that's why you wear Himalayan mountain goat on your head and paint your face. So don't sit here and tell me you ain't bitter and lonely.,2024-01-04,220.0,-0.3304,Negative
20,20,28025309,17983457306554853,@mfb1965 Donâ€™t reply to me weirdo.,2024-01-04,34.0,-0.4215,Negative
21,21,234269822,18018521837056250,"@tornsolace ooh, parrot is a good one, thank you! What a cool animal. Nice job, I knew youâ€™d get there.",2024-01-04,103.0,0.8687,Positive
22,22,3601072652,17995898342387117,"Look at all the uglies mad yâ€™all in love , big ups my guy",2024-01-05,57.0,-0.25,Negative
23,23,52130847,18089627122396515,@uknowjmitch ğŸ‘ğŸ‘ğŸ‘,2024-01-07,16.0,0.0,Neutral
24,24,5431978908,18066378847464968,aw simone biles and simone biles husband ğŸ¤—ğŸ¥°,2024-01-08,43.0,0.8779,Positive
25,25,46209335582,18057482050464440,@_trinity.s shut yo ass up,2024-01-10,26.0,-0.5423,Negative
26,26,46209335582,18006501146209036,@cadaoduong  nfl player who's better then she will ever be,2024-01-10,58.0,0.4404,Positive
27,27,6151286531,18331713922099586,@tyler_jackson1712 why u dickridingğŸ˜‚,2024-01-10,36.0,0.4404,Positive
28,28,46209335582,18391415035066912,@_trinity.s yall riding her tf,2024-01-10,30.0,0.0,Neutral
29,29,216036468,18023522245919093,He ignorant. New to the spot light. I bet he wonâ€™t do another interview like that again. lol â€œcan we go over these questions first?!â€ ğŸ¤£ğŸ¤£ğŸ¤£,2024-01-11,137.0,0.92,Positive
30,30,44012711266,18007109033246435,"Red flags, says she drove to HIM in the People article, he said he's the catch. NOPE. Been married 18 years, seen marriages go down. ğŸš© if man thinks he's the prize, esp if woman is more famous?!!",2024-01-11,195.0,0.5972,Positive
31,31,50115300,18037850542659797,@simonebiles girl RUN,2024-01-11,21.0,0.0,Neutral
32,32,6739806689,17996480144416947,Maui Packer fan adaptive surfer ğŸ„ loves you both ğŸ™ŒğŸ¼,2024-01-12,51.0,0.7184,Positive
33,33,5351183066,17956044638610932,"@shanboodram people are saying that he is emotionally abusive. And he is. People are not hating on them just because they are bored. What he said was demeaning her, embarrassing her. Placing himself above her is not okay. Black women who are dark skinned are not always seen as the ""catch"" especially by light skinned men. This happens a lot more often than you think.",2024-01-12,368.0,-0.7823,Negative
34,34,50497211007,18030834370671755,"@philiplokamba not yr business,you wanted that she must cry you people yr too patty those people don't know you.",2024-01-12,112.0,-0.4767,Negative
35,35,50497211007,18012932587962123,"@chris995rt who cares, face yr front that couple they don't even know just hauling like a fool",2024-01-12,94.0,0.3818,Positive
36,36,43873934234,17985282140398017,Congratulations ğŸŠğŸ¾ğŸ‰ ğŸ˜‚,2024-01-13,21.0,0.8591,Positive
37,37,212314409,18066035941482418,â¤ï¸ğŸ–¤ğŸ’š,2024-01-14,4.0,0.8555,Positive
38,38,1959102100,17925350945820034,Go take it!,2024-01-14,11.0,0.0,Neutral
39,39,9970876670,18239750572217449,ğŸ”ğŸ˜,2024-01-14,2.0,0.4588,Positive
40,40,294052210,17967211643546314,You two radiate and look so in love. I love this !!!,2024-01-15,52.0,0.8899,Positive
41,41,45640545,17993363081580745,@shanboodram love u,2024-01-20,19.0,0.6369,Positive
42,42,36577112033,18123900823332340,P,2024-01-21,1.0,0.0,Neutral
43,43,36577112033,18054374113532253,"Keep your relationship as private as you possibly can.  Haters are going to always hate.  No one needs to know your business other than very clos family and friendsâ€¦. And some of them you cannot trust!  I love the two of you togetherâ€¦ outsiders can destroy a marriage like no one else, because misery loves company!  God bless your union! ğŸ™ğŸ½",2024-01-21,341.0,-0.9365,Negative
44,44,58476600469,18041190082714948,â¤ï¸â¤ï¸â¤ï¸â¤ï¸,2024-01-26,8.0,0.0,Neutral
45,45,45698959842,17990305313545940,@justinqreid thatâ€™s why you play for the chiefs ğŸ˜­,2024-01-30,49.0,-0.1779,Negative
46,46,254175531,17931210557813781,unlock it bro,2024-02-03,13.0,0.0,Neutral
47,47,4533151275,18294056332148794,@smile_thru_the_bs he CLEARLY SAID: â€œâ€¦men are always the prize.â€ Catch & prize are being used interchangeably in that convo. Also DID Simone propose??,2023-12-31,150.0,0.796,Positive
48,48,18566776955,17904781208822356,Black are always the easy target,2023-12-31,32.0,0.4404,Positive
49,49,205530542,18031373965740250,White woman here. This shit is trash and I hope she learns a big lesson before her second marriage. âœ¨,2023-12-31,101.0,-0.0129,Neutral
50,50,45670290449,17922975485828488,ğŸ‘ğŸ¾ğŸ‘ğŸ¾ğŸ™ğŸ¾ğŸ™ğŸ¾â¤ï¸â¤ï¸ Yes! Donâ€™t allow these internet miserables to be in your lives or ear. Keep living and living one another!,2023-12-31,119.0,0.6351,Positive
51,51,45670290449,18018597253972008,"@dablife42o Where are you ranked??? Anywhere?? Any profession??? And where is your significant other, IF you have one, ranked?? ğŸ¤” Do tell? The nerve!",2023-12-31,149.0,0.4682,Positive
52,52,4618223954,18011032276963114,@elizabethvtemple and you say that while wearing flamingo eyeliner in your thumbnailğŸ˜‚ğŸ˜‚ğŸ˜‚ talk about mid huh?,2023-12-31,107.0,0.8271,Positive
53,53,4618223954,18236655694222766,@thedarkandlovely1 when did he degrade her? Lol yall single mothers want some more company huh?,2023-12-31,95.0,0.1431,Positive
54,54,4618223954,18316262539140344,Is this you projecting? How do you know how his wife feels?,2023-12-31,59.0,0.0,Neutral
55,55,4618223954,18003230537090625,@teodora_pocol no yall ain't worried about her. Yall want her to be single like all of you,2023-12-31,90.0,0.3586,Positive
56,56,4618223954,18096038749377172,@topi_different no he is the prize. She went to see him.,2023-12-31,56.0,0.2732,Positive
57,57,4618223954,18407199943057898,@gabmoncayozerga and that's why so many of yall women with money are single. Dudes do not care how much money you make. It means nothing to us. It's your personality that matters. But seeing as how many women are single your personalities are 2 out of 10,2023-12-31,254.0,-0.1935,Negative
58,58,4618223954,18050529784550310,@melomatlala and what level of delusion are you at?,2023-12-31,51.0,0.0,Neutral
59,59,234269822,18409664125059950,@tornsolace what kind of flamingo is teal? You should study your animals.,2023-12-31,73.0,0.0,Neutral
60,60,4618223954,18015888688879458,And why are you mad he is the catch and Simone thought so. So why are you single bitter women mad?,2023-12-31,98.0,-0.8481,Negative
61,61,1571967047,18059054260503550,"@tornsolace you can't generalize, some women just prefer to be single. The point is that  Simones husband dont value her and it's saying outloud that his ""the prize""",2023-12-31,165.0,0.3103,Positive
62,62,805742382,18005940350058952,@tornsolace awesome,2023-12-31,19.0,0.6249,Positive
63,63,11385790027,18044132734595865,@tornsolace iâ€™m not single ? itâ€™s just embarrassing and sad seeing women settle for the sort of relationships women only put up with when insecure,2023-12-31,146.0,-0.8176,Negative
64,64,48337258528,18296599981182967,Please know who you are married to,2023-12-31,34.0,0.3182,Positive
65,65,48337258528,18041710717610851,Like @zacefron knew who tf she was and not you?,2023-12-31,47.0,0.3612,Positive
66,66,1512127071,17995629971200981,@stevierich86 ğŸ’¯ğŸ’¯ğŸ’¯ğŸ’¯,2023-12-31,18.0,0.0,Neutral
67,67,49096461,18026461660852825,Go Pack Go ğŸ’šğŸ’›,2023-12-31,13.0,0.8555,Positive
68,68,4618223954,18076152352439522,@thedarkandlovely1 out of my league? Sorry not sorry I do not talk to women who wear wigs/weaves. By the look of your thumbnail that's a whole lot of yak number 9. Stay mad. Stay hating. Peace.,2023-12-31,193.0,-0.4172,Negative
69,69,4618223954,18292431265197037,@thedarkandlovely1 yak number 9 is what you got on your head. You women have an inflated ego of self.  The man controls access to marriage and they ain't marrying you females.,2023-12-31,175.0,0.0772,Positive
70,70,1995681607,17983154819437834,Yeah JO!!,2023-12-31,9.0,0.4184,Positive
71,71,4618223954,17999772548367426,@thedarkandlovely1 you know what yak number 9 is stop lying. See the thing is women like you think they are more valuable then you actually are. That's why some many of you are lonely and stressed out and not fit for marriage. Just straight up annoying is what most of you are. Talk too much.,2024-01-01,292.0,-0.7365,Negative
72,72,1456150699,18006121202236032,"Yâ€™all stay unbothered, these haters just want to see black love fail",2024-01-01,68.0,-0.296,Negative
73,73,4618223954,17929564721716428,"@thedarkandlovely1 the fact that you even responded the way you did in the first place tells me that you are not a happy or pleasant person. You keep trying to convince me you are happy but I do not think that is the case and you are fooling yourself. You are not even mature enough to have a healthy relationship. You are bitter,  you are selfish, and you are not as valuable as you believe. You are a modern women, that men run away from. And that yak number 9 looks foolish. I can tell you suck the air out of every room you walk into",2024-01-01,537.0,-0.9533,Negative
74,74,4618223954,18036584470657865,@elizabethvtemple wasn't talking about that kind of flamingo and even if I was I was not being literal. Also you have some nerve calling someone mid at best.,2024-01-01,157.0,0.6369,Positive
75,75,4618223954,18013134298910947,"@thedarkandlovely1 seek you out? Nah you are not my type at all. I like good looking women and women who are not annoying which you are. You are right, I am celibate against 2 out of 10 women which you are. What do fighter jets have to do with anything?  You are just saying random things. What's with all the emojis? Are you a child?",2024-01-01,334.0,0.8324,Positive
76,76,54660718644,17888831162964136,@kyliebookerr right,2024-01-01,19.0,0.0,Neutral
77,77,41418090188,18021281506929816,You were undrafted ğŸ˜‚ğŸ˜‚ğŸ˜‚ğŸ˜‚ sheâ€™s an Olympian. Know your role!,2024-01-01,58.0,0.8977,Positive
78,78,234269822,18029984440775593,"@tornsolace well what kind of flamingo were you talking about? Iâ€™ve only ever seen pink ones. I think theyâ€™re gray when theyâ€™re born, though. If I were you, I wouldâ€™ve gone with peacock for a metaphor. But you gave it your best and thatâ€™s what counts â˜ºï¸",2024-01-01,253.0,0.9072,Positive
79,79,55026199761,18076241266436418,"@kyliebookerr yes he had too,fam idiot!Do not come for them others wise I will come for you.This is real love and  not fake.",2024-01-01,124.0,0.916,Positive
80,80,55026199761,18055201786518348,"@idontknowshadae How come you all did not defend her everyone was attacking her when she had to pull out of the olympic, to take care of herself, instead of killing herself?This man stood by her through her hurt and pain.",2024-01-01,221.0,-0.8979,Negative
81,81,48646516424,18301220140124883,@peterda_great barely,2024-01-02,21.0,0.0,Neutral
82,82,48646516424,18015776315053917,staple your mouth. comments still on bc you tryna make a statement,2024-01-02,66.0,0.0,Neutral
83,83,3404172101,17986516175611986,She got 7 mil followers and you have 400 K â€¦ you are NOT the catch ğŸ¤£,2024-01-02,68.0,0.4939,Positive
84,84,44987437646,18305640238134797,@dablife42o bro there's like 200+ safetys get off of his dick,2024-01-02,61.0,-0.2023,Negative
85,85,31585439279,18406903102060021,@simonebiles stand up pookie,2024-01-02,28.0,0.0,Neutral
86,86,6865632252,17983912487559560,@shanboodram SHA-BOOM ğŸ’£,2024-01-02,23.0,-0.4939,Negative
87,87,6865632252,18021678430811639,@titania_queschelle Raggedy mouth????? WTF is wrong with you??,2024-01-02,62.0,-0.8622,Negative
88,88,61205433024,18249513043169075,Whenâ€™s she leaving you?,2024-01-02,23.0,0.0,Neutral
89,89,8042172138,18012000695127825,â€¦.ğŸŒšok,2024-01-03,5.0,0.0,Neutral
90,90,8042172138,18005580797215528,I donâ€™t understand why YOU would be that one thatâ€™s botheredğŸ˜€,2024-01-03,61.0,0.0516,Positive
91,91,1300000539,17935849172691008,@grlz19 Iâ€™m sure heâ€™s crushed by that.  Move on.,2024-01-03,48.0,-0.128,Negative
92,92,490568275,17996607314522681,@jjamieholtt fr,2024-01-03,15.0,0.0,Neutral
93,93,279360472,18301151002122486,"@mfb1965 miserable people are always going to try to spread misery. Donâ€™t waste your energy. I already won, I wear nothing but my huge â€˜raggedyâ€™ smile which again, has never slowed my rise or hindered my confidence. They WISH they were me.",2024-01-03,239.0,0.8575,Positive
94,94,236447151,18044739802582447,@animeanima0 â€¦ Jonathan clearly isnâ€™t your husband.  Simone is obviously ok with what he said & the trajectory of their relationship led to what appears to be a happy marriage.  We donâ€™t know & more importantly itâ€™s not our business! What you eat doesnâ€™t make Simone s**t & vice versa so worry about your own husband.,2024-01-03,317.0,0.7746,Positive
95,95,236447151,18404973595060645,Simone is ok with it why arenâ€™t you?,2024-01-03,36.0,0.296,Positive
96,96,236447151,18067677697464341,What does your husband call himself? Oh thatâ€™s right you probably donâ€™t have one thatâ€™s why you have so much time to worry about Simoneâ€™s husband.,2024-01-03,146.0,-0.4404,Negative
97,97,58162611032,18012235370108242,@ajz_nrt all of that doesnâ€™t mean Jack shit if the man isnâ€™t loyal try again,2023-12-28,76.0,-0.128,Negative
98,98,999297170,18023243962908872,@simonebiles Girl. You cannot be forreal. Please get your eyes checked so you can see the never ending red flags,2023-12-28,112.0,-0.2411,Negative
99,99,47299232276,18407470666009577,"Ok, Mr Biles",2023-12-28,12.0,0.0,Neutral
101,101,60382875404,18044798941579473,@w8inaina the comments ğŸ˜­,2024-01-06,24.0,-0.4767,Negative
102,102,1206249880,18296288428147358,@sunshinetash3 he canâ€™t make a tackle either,2024-01-06,44.0,0.0,Neutral
103,103,1431332088,18034437202707602,I donâ€™t know you guys personally but I love how you have handled the criticism! These people act like they know you personally!! ğŸ˜‚ #teamowens,2024-01-07,141.0,0.8985,Positive
104,104,5963173,18022956949928258,The GOAT spending the holidays giving to charity I love to see it,2024-01-07,65.0,0.9001,Positive
105,105,460104055,17858379333086672,Merry Christmas @jowens and @simonebiles  you two keep going donâ€™t listen to the haters. Many of us love you BOTH,2024-01-07,113.0,0.6705,Positive
106,106,64156156455,17862719097070382,@aamcconkey AmenğŸ™,2024-01-08,17.0,0.0,Neutral
107,107,64156156455,18067202575464673,ğŸ˜ğŸ˜ğŸ˜ğŸ˜â¤ï¸,2024-01-08,6.0,0.9001,Positive
108,108,9764061640,18001975835462090,@vile.21 an NFL player. And why are you asking? You obviously searched his name up just to comment this ğŸ’€,2024-01-08,105.0,0.0,Neutral
109,109,9764061640,18005521496059162,@krownkae bro is in the NFL stop trying to discredit them and let them be happy.,2024-01-08,80.0,0.3612,Positive
110,110,9764061640,18009715415491952,@lmc81415 youâ€™re obviously a fan if you took time out of your day to do all of that ğŸ˜­,2024-01-08,85.0,-0.2023,Negative
111,111,6775648794,18001343843367821,"@carlosacosta1215 no honey, Simon tagged him thatâ€™s how I ended up here, thanks for the info I had no idea ğŸ˜˜",2024-01-08,108.0,0.3182,Positive
112,112,22989672307,18036346207678417,@carlosacosta1215 him being in the nfl means nothing ğŸ˜‚. Iâ€™m only discrediting ole dude but Alr bud,2024-01-08,98.0,0.4084,Positive
113,113,14225724,17993663249279111,This dude dogged his wife out on the internet and sheâ€™s just trying to save face. Shameful.,2024-01-08,91.0,0.0,Neutral
114,114,9764061640,18021940789804414,@krownkae thatâ€™s the stupidest thing anyone could say ğŸ’€ bro do you know how hard it is to even be looked at by an NFL scout. And yes youâ€™re discrediting both of them. Ik damn well I would be pissed off id someone was talking about my wife like that so be more respectful pls.,2024-01-08,275.0,-0.0683,Negative
115,115,9764061640,18105111946366295,@vile.21 why are people mad that he didnâ€™t know who she was at first? I donâ€™t get it I mean they seem to be happy as of right now,2024-01-08,129.0,0.128,Positive
116,116,46013000364,18046807948573331,@andreaarubio Take the 10lbs of makeup off then talkğŸ™,2024-01-08,53.0,0.0,Neutral
117,117,49267014521,18113947753349586,Omg he knows the GOAT,2024-01-09,21.0,0.0,Neutral
118,118,62916628002,17987422865554939,He's cheating anyway ğŸ«£ğŸ˜†ğŸ™ƒ,2024-01-11,24.0,-0.2732,Negative
119,119,7076123781,17976236537506426,What a jerk. I hope the Packers lose in the playoff bud,2024-01-11,55.0,-0.296,Negative
120,120,7076123781,18022482562927259,@big_mikeuk he made his bed,2024-01-11,27.0,0.0,Neutral
121,121,53575512513,18032427286631339,@andreaarubio baby if you mad just say that,2024-01-11,43.0,-0.4939,Negative
122,122,53575512513,17942688431772749,@andreaarubio donâ€™t hate the game hate the play becky,2024-01-11,53.0,-0.7184,Negative
123,123,53575512513,18172513447293929,@andreaarubio looks like you got a man to yourself so stay that way,2024-01-11,67.0,0.3612,Positive
124,124,1997447550,17851757670093010,@mollystahovec and she recognizes him as her husband. Who are you?,2024-01-12,66.0,0.0,Neutral
125,125,283181140,18018318935080472,"So this is Simone Biles husband? Mr. Biles, my wife is the GOAT?",2024-01-12,64.0,0.0,Neutral
126,126,1327126447,17864494404066831,Simone biles and her husband Respect that Young man â¤ï¸,2024-01-13,54.0,0.4767,Positive
127,127,4768476889,18252213868236373,Some of yall bitter people need Jesus.,2024-01-13,38.0,-0.4215,Negative
128,128,48671408375,17886814238924709,@vile.21 what u got against him,2024-01-14,31.0,0.0,Neutral
129,129,63559485495,18306529738192186,@andreaarubio ur like a sixğŸ’€,2024-01-14,28.0,0.3612,Positive
130,130,63559485495,17986952321365257,@mickaeladawn ur a 6ğŸ’€,2024-01-14,21.0,0.0,Neutral
131,131,63559485495,18126508756323518,@_avalorraine_ got more going then you ever will thatâ€™s for sure,2024-01-14,64.0,0.3182,Positive
132,132,63559485495,18045220351591621,@lmc81415 ur a 6,2024-01-14,16.0,0.0,Neutral
133,133,3961462029,17877804528010643,@tomb_oy627 are you trying to rate me? Hahaha like your fucking number means shit to me ya little b**** hahaha ğŸ˜‚,2024-01-14,112.0,0.8422,Positive
134,134,3961462029,18410792323008204,@tomb_oy627 hiding like a scary little kid ğŸ˜‚ğŸ˜‚ğŸ˜‚,2024-01-14,46.0,0.7003,Positive
135,135,9970876670,17859019893076353,ğŸ¤—ğŸ¥°ğŸ¤—,2024-01-14,3.0,0.9169,Positive
136,136,10734658434,18040497286717225,@bmack2007_ I meant joined,2024-01-15,26.0,0.0,Neutral
137,137,1619727136,17892936155895904,stranger danger Simone,2024-01-15,22.0,-0.5267,Negative
138,138,45650653489,18020481847964848,interceptions is more of a cornerback thing lmao,2024-01-16,48.0,0.5994,Positive
139,139,45307662927,17861565183081742,Naw we do need to mine ours and most of the women worried not even married and canâ€™t find they baby fathers its sick she happy so who cares if most of the people went this hard for they own relationships they probably wouldnâ€™t have time to worry about them,2024-01-17,256.0,-0.2315,Negative
140,140,45307662927,18058090237508441,I knew him before her soooooo,2024-01-17,29.0,0.0,Neutral
141,141,7075982064,17895880028882117,"Damn, he prettier than she is!!ğŸ˜­ğŸ˜­ğŸ˜­ğŸ˜­",2024-01-17,35.0,-0.9115,Negative
142,142,30102854,18037437595710478,You are NOT the catch!!!!! OMG.,2024-01-19,31.0,0.0,Neutral
143,143,30102854,18005452829093671,Didn't even know who you are...VERY sad.,2024-01-19,40.0,-0.4767,Negative
144,144,57420475281,18047263054598524,Ur literally apart of his wifeâ€™s fan club too buddy,2024-01-19,51.0,0.3182,Positive
145,145,55283233,18020811547985343,"I was watching the pivot interview today and you both seem so humble â¤ï¸ y'all seem to compliment each other, it's beautiful!!",2024-01-20,125.0,0.8217,Positive
146,146,204633248,18022926415806811,Love yall black love!,2024-01-22,21.0,0.8655,Positive
147,147,214223829,17919809240846072,Mr Biles,2024-01-25,8.0,0.0,Neutral
148,148,50558954351,18076708348450621,â¤ï¸â¤ï¸â¤ï¸ğŸ˜ğŸ˜ğŸ˜ğŸ˜,2024-01-27,10.0,0.9001,Positive
149,149,54292831,18081905968419134,@demariusgrant63 oh shit thatâ€™s crazy,2024-01-02,37.0,-0.7184,Negative
150,150,3237268736,18290706046194539,@onlyynya nigga do your makeup so you actually look decent,2024-01-02,58.0,0.0,Neutral
151,151,9991031869,18015398018020848,@demariusgrant63 awww someoneâ€™s hurt my nigga stop replying to me idgaf dam you so worried about me worry bout that weight,2024-01-02,122.0,-0.8851,Negative
152,152,1285872571,18010001054123828,This a hood rat Simone leave his basic ass,2024-01-02,42.0,-0.5719,Negative
153,153,28909426,18069176296422804,@demariusgrant63 watch out his fan club arrived,2024-01-02,47.0,0.3182,Positive
154,154,265377418,17996532893414498,Simone Biles and her husband,2024-01-02,28.0,0.0,Neutral
155,155,62332940679,18008401163011992,@t2cold7  PERIOD ğŸ”¥ğŸ”¥ğŸ”¥ğŸ”¥â¤ï¸â¤ï¸â¤ï¸â¤ï¸,2024-01-02,29.0,-0.8225,Negative
156,156,62332940679,18029275642768667,Best Married couple Merry belated Christmas ğŸ„,2024-01-02,45.0,0.8271,Positive
157,157,26927983963,18251246116175165,Loser,2024-01-02,5.0,-0.5267,Negative
158,158,18525263959,17861920086037305,ğŸ˜‚ğŸ˜‚ğŸ˜‚ best comment,2024-01-02,16.0,0.9169,Positive
159,159,32069388497,17995842185228596,Looking for a cesspool of insufferable and insecure women? Look no further!,2024-01-03,75.0,-0.6476,Negative
160,160,32069388497,17900153351849239,@maxines.insta who are you? ğŸ˜‚ you are commenting on his page he isnâ€™t commenting on yours,2024-01-03,89.0,0.4404,Positive
161,161,32069388497,18016059839069475,@onlyynya who are you? You are commenting on his page not the other way around. You are a normal broke civilian ğŸ˜­,2024-01-03,113.0,-0.7096,Negative
162,162,32069388497,17985489860374671,@clairrpage lmao who are YOUğŸ˜­ you are commenting on his page heâ€™s never heard of you before,2024-01-03,91.0,0.2023,Positive
163,163,32069388497,18016922497878980,@trinityreitzell Who are You? You are on his page not the other way around. ğŸ˜­,2024-01-03,77.0,-0.4767,Negative
164,164,226169358,18400802302047774,@j2279e IM not in the nfl,2024-01-03,25.0,0.0,Neutral
165,165,32069388497,18004610789200148,@samanthavillagutierrez you are on his page sweetheart,2024-01-03,54.0,0.6486,Positive
166,166,32069388497,17995011710247414,Does anybody outside of your family and friends know who you are?,2024-01-03,65.0,0.4767,Positive
167,167,32069388497,18111622600348067,@carriebhs youâ€™re so mad ğŸ˜‚,2024-01-03,26.0,-0.2996,Negative
168,168,32069388497,17966144846535239,@janaenaejobe nothing special about you thatâ€™s for sure,2024-01-03,55.0,0.0108,Neutral
169,169,32069388497,17984927693554181,@clairrpage exactly. You havenâ€™t done anything important or impactful with your life and you are on his page hating on him,2024-01-03,122.0,-0.3612,Negative
170,170,226169358,18030607648764045,@j2279e ğŸ˜‚ğŸ˜‚ğŸ˜­ pressed much,2024-01-03,24.0,0.4019,Positive
171,171,22587395704,17902222601916964,Like why would you say that about your wife?,2024-01-03,44.0,0.3612,Positive
172,172,44657054199,18033429097683839,Simone rented Santa for her pictures but he forgot his beard?,2024-01-03,61.0,0.0,Neutral
173,173,49063820231,17918294144838075,"Iâ€™m PRAYING FOR BOTH OF YOU, PLEASE STAY LOVE LOCKED, The Father in Heaven sees all. Amen.",2024-01-03,90.0,0.9382,Positive
174,174,49063820231,18008215241178731,â¤ï¸â¤ï¸,2024-01-03,4.0,0.0,Neutral
175,175,48396591125,18193798585304729,Simone Biles ğŸ™ŒğŸ™ŒğŸ™Œ andâ€¦. him,2024-01-03,26.0,0.0,Neutral
176,176,13347542486,18037068517638898,@andreaarubio youâ€™re cute and I donâ€™t wanna be rude but get a life,2024-01-03,66.0,0.0,Neutral
177,177,7949688357,18316853188136857,hello mr simone biles,2024-01-03,21.0,0.0,Neutral
178,178,22098862325,17937071342687126,You ainâ€™t Jonathan you Simone Bilesâ€™ husband,2024-01-03,44.0,0.0,Neutral
179,179,16982096,17889967274966369,@maxines.insta no,2024-01-03,17.0,-0.296,Negative
180,180,16982096,17871744615030937,@maxines.insta no one knows,2024-01-03,27.0,-0.296,Negative
181,181,60885742369,18018797776964593,Oh look! Simone Biles and her lame and none famous either successful husband ğŸ˜‚,2024-01-04,78.0,-0.5047,Negative
182,182,236447151,18005127314246254,"@mickaeladawn â€¦. Just how is she dimming her light? So what do you suggest Simone do, divorce him?  Yeah Iâ€™m sure yâ€™all want her to be lonely & miserable like yâ€™all.  You donâ€™t even know them but youâ€™re trying to dictate & run their lives.",2024-01-04,239.0,0.168,Positive
183,183,236447151,18023183386903240,"@maxines.insta â€¦ Simoneâ€™s husband.  The one she pledged her love to in sickness & health, FORSAKING ALL OTHERS.",2024-01-04,111.0,0.6369,Positive
184,184,236447151,18043417126537477,@clara.mlgkc â€¦ But Simone knew all this before & married him anyway.  I personally didnâ€™t think what he said was cruel or disrespectful.  Maybe Simone thinks heâ€™s the prize.  Thatâ€™s between married folks. Everybody deals with something other people would consider offensive.  Thatâ€™s life.  Mind your business.,2024-01-04,309.0,-0.6956,Negative
185,185,236447151,18032892250738262,Amen,2024-01-04,4.0,0.0,Neutral
186,186,236447151,17968974236660348,@mickaeladawn â€¦ Simone loves him & thereâ€™s nothing you can do to change that.  Mind ya business & find a man of your own.,2024-01-04,121.0,0.5719,Positive
187,187,44437304587,17976422273495461,Awwww look at Simone,2024-01-04,20.0,0.0,Neutral
188,188,2000505048,17985397580562123,"@picsbypamela you could have mind you business about my comment too,  if youâ€™re not happy about it . ğŸ¤·ğŸ¾â€â™€ï¸",2024-01-04,106.0,-0.4585,Negative
189,189,199523052,18008183090328173,We got whole ass makeup influencers like LesDoMakeup that have more followers and are more well known than this loser and he has the nerve to say â€œheâ€™s the catchâ€ lmaoooo bye,2024-01-04,174.0,-0.5584,Negative
190,190,50705196668,18006372023265906,Thatâ€™s ironic when you wrote a whole paragraph about someone that doesnâ€™t know you,2024-01-04,82.0,-0.128,Negative
191,191,3118260129,17856884511090992,Congrats ! Mr.Biles,2024-01-04,19.0,0.5707,Positive
192,192,862622386,18372956443079190,@nasthoc,2024-01-04,8.0,0.0,Neutral
193,193,246354,18015949823061050,Who is he ?,2024-01-05,11.0,0.0,Neutral
194,194,51693598963,17923799441743207,Beautifulâ¤ï¸,2024-01-05,11.0,0.5994,Positive
195,195,61177964936,18303488074122150,Heâ€™s a millionaire and ur some chick with a clown filter. Whoâ€™s the real dusty?,2024-01-05,79.0,0.0,Neutral
196,196,21750442490,18013845169926619,"@blam.etruth That's what Kat William talks about, you go to the bathroom to do the job ğŸ˜‚with no moral not integrity",2024-01-05,115.0,-0.6467,Negative
197,197,2311270471,18403127218013109,Happy New Year! Great photos,2024-01-05,28.0,0.8439,Positive
198,198,35191818747,18003467000080336,@krownkae you donâ€™t know who he is but know who heâ€™s married to?,2024-01-01,64.0,0.0,Neutral
199,199,4247401847,18076339078437288,who??,2024-01-01,5.0,0.0,Neutral
200,200,1608139107,17986830860356035,@amiyahrobinsonn Simone donâ€™t even know you and they been chilln happy in marriage whole time yall woman are bitter af and weird hating on a woman who Picked hers.,2024-01-10,163.0,-0.4767,Negative
201,201,3064711410,17852697030103687,@intuition2688 first of all lil bro I wasnâ€™t talking to u .  Second of all Iâ€™m not bitter heâ€™s just a garbage husband for talkinh abt his wife like that I would never marry non the less date a man like that gtf outta here wit dat bs,2024-01-10,232.0,0.7455,Positive
202,202,1608139107,17916450566780258,@amiyahrobinsonn pipe down jit,2024-01-10,30.0,0.0,Neutral
203,203,954927905,18022594957785893,@afchikz & why is that your concern what races are your exâ€™s,2024-01-11,60.0,0.0,Neutral
204,204,954927905,18024016489765280,"@k4rulaa & your ass is on his page for what , do you play football you ditzy broad . All that material shit and you donâ€™t have a husband go find one in your tax bracket so you can stfu and stay out of married folks business .",2024-01-11,225.0,-0.6908,Negative
205,205,954927905,17849252253130018,@amiyahrobinsonn girl you canâ€™t even get a husband please STFU. All you get is pumped and dumped .,2024-01-11,98.0,-0.1027,Negative
206,206,954927905,18017723576052011,@adamaronebk EXACTLY,2024-01-11,20.0,0.0,Neutral
207,207,954927905,17961794294687388,PREACHHHH!,2024-01-11,10.0,0.0,Neutral
208,208,954927905,18015837923309110,@jmusitelli11 factss,2024-01-11,20.0,0.0,Neutral
209,209,954927905,17996481095455189,@ohhoney.no so ? NFL fans donâ€™t know your bum ass either,2024-01-11,56.0,-0.5423,Negative
210,210,954927905,17950016240742146,@tornsolace FACTS.,2024-01-11,18.0,0.0,Neutral
211,211,954927905,17991691547309152,@cami.arabell0618 they married and unhappy or baby mommas and bitter . REAL happily married women like Serena and Ciara mind their business unlike those broads on TikTok.,2024-01-11,170.0,0.128,Positive
212,212,954927905,17992015088593235,"@corijaiden thatâ€™s all you will ever get, you will NEVER be a wife but you always be pumped and dumped. PLEASE STFU on married folks and their business Cori .",2024-01-11,158.0,0.1279,Positive
213,213,954927905,17983992761413088,@andresmiththe1 EXACTLY,2024-01-11,23.0,0.0,Neutral
214,214,44840390083,18289816693156448,@sincerelysandrina ou sis you ate me up ğŸ˜­,2024-01-11,41.0,-0.4767,Negative
215,215,4554352954,18211332457278030,Lot of y'all dique  riding this guy when if he was married to you he'd belittle your accomplishments in favor of his ego....errr mediocre accomplishments.,2024-01-11,154.0,-0.0516,Negative
216,216,1997447550,18007946441334851,@corijaiden some sponge bob square pants box head being a troll. Girl bye ğŸ˜‚ğŸ˜‚,2024-01-12,76.0,0.7003,Positive
217,217,44840390083,18039203311588834,@memuna25 if iâ€™m spongebob stink youâ€™re plankton â¤ï¸â¤ï¸,2024-01-12,53.0,-0.4019,Negative
218,218,64156156455,18076685959434986,ğŸ”¥ğŸ”¥ğŸ”¥â¤ï¸,2024-01-12,5.0,-0.7351,Negative
219,219,46904970277,18078650452440512,@ohhoney.no lmao nfl fans on tik too wtf does that even means,2024-01-14,61.0,0.0258,Neutral
220,220,46904970277,17995998380246157,@snxiyah damn him and his wife gonna be sad about that,2024-01-14,54.0,-0.7003,Negative
221,221,56563820540,17877461573964899,ğŸ˜ğŸ˜pppppopo,2024-01-15,10.0,0.7184,Positive
222,222,1512127071,17955839585706140,@alex.munoz14 get t f of his page!! No negative energy here!! If you don't have anything nice to say shut the fuc up!,2024-01-15,117.0,-0.3217,Negative
223,223,1512127071,17991469688577544,@corijaiden you corny get a life!,2024-01-15,33.0,0.0,Neutral
224,224,1512127071,18028161463883478,@bjj_.2 ğŸ’¯ğŸ’¯ğŸ’¯ğŸ’¯ğŸ’¯,2024-01-15,13.0,0.0,Neutral
225,225,1512127071,18039599668721673,@k4rulaa you female hyenas are so messy and miserable! Get a life!,2024-01-15,66.0,-0.8068,Negative
226,226,263644187,18251687755169788,@iamawaken2007 lmaoo ğŸ¤¡,2024-01-15,22.0,0.0,Neutral
227,227,45650653489,18390428851067487,"@k4rulaa what model tesla, what class mercedes lmao and what type of romeo",2024-01-16,74.0,0.5994,Positive
228,228,48646516424,18251365774235580,"@kiosario giulia 2023 CLA 2022 fully loaded v8 engine and a 2022 model x. shouldnâ€™t have to list any of them because the base model their self is already 150,000+ in vehicles.",2024-01-16,175.0,0.0,Neutral
229,229,45650653489,18126234541323890,"@k4rulaa what class mercedes, what config alfa romeo",2024-01-16,52.0,0.0,Neutral
230,230,45650653489,17990446091593831,@k4rulaa bc cla 2022 can be a class c and be 40-60k,2024-01-16,51.0,0.0,Neutral
231,231,48646516424,17956699556714594,@kiosario Quadrifoglio and CLA is literally the class,2024-01-16,53.0,0.0,Neutral
232,232,45650653489,17993735480301725,@k4rulaa so class A 2022 mercedes,2024-01-16,33.0,0.0,Neutral
233,233,48646516424,18014631002122364,@kiosario CLA AMG 35 couple. one down from the 4MATIC,2024-01-16,53.0,0.0,Neutral
234,234,45650653489,18049135921560407,@k4rulaa i researched both and the quad is 70-88k and the cla 35 amg is around 50-70k you got finessed or they marked you up like crazy,2024-01-16,135.0,0.0258,Neutral
235,235,20991691,18019747078964904,No oneâ€™s safeğŸ—£ï¸,2024-01-16,15.0,-0.5583,Negative
236,236,48646516424,18006217184206036,"@kiosario how i told you base model for all total is around 150, but total value of all is 309,000. specs not included",2024-01-16,118.0,0.5483,Positive
237,237,45650653489,18307432588135879,@k4rulaa dawg they robbed u blind.,2024-01-16,34.0,-0.4019,Negative
238,238,48646516424,17901867086928511,"@kiosario how a 65,000 audi a 84,000 alfa romeo a 90,000 model x and a 70,000 mercedes. do the math",2024-01-16,99.0,0.0,Neutral
239,239,45650653489,17971798301659537,@k4rulaa L dealership lmao,2024-01-16,26.0,0.824,Positive
240,240,48646516424,18091981774392360,@kiosario the cars are quite literally worth that much especially buying it new. you must not know nothing about cars,2024-01-16,117.0,0.2911,Positive
241,241,45650653489,18018024821071545,"@k4rulaa no, theres just no point in going to the dealership, id rather do online",2024-01-16,81.0,-0.296,Negative
242,242,45650653489,17943761477766199,@k4rulaa most dealerships dont have the cars im interested in at all lmao.,2024-01-16,74.0,0.765,Positive
243,243,1614038745,17990761544577005,ğŸ”¥ğŸ”¥ğŸ”¥ğŸ”¥ğŸ”¥,2024-01-19,5.0,-0.875,Negative
244,244,16438024,18224354605250765,Big baby,2024-01-20,8.0,0.0,Neutral
245,245,1653293363,18054827989534303,You two are one of my favorite couples.  Blessings to you both! Mr & Mrs. Owens!ğŸ‘ğŸ¾ğŸ‘ğŸ¾,2024-01-22,84.0,0.7955,Positive
246,246,4356673451,18020649082866073,@jniiokai_14 yap yap yap u maIes need to shut your traps,2024-01-29,56.0,0.0,Neutral
247,247,31399975,17935750718704563,Yooo nice meeting you bradağŸ¤ğŸ¾ğŸ’¯,2024-02-03,30.0,0.4215,Positive
248,248,30102854,17851191852108527,Mr. BILES.,2024-01-06,10.0,0.0,Neutral
249,249,3064711410,17848889142127764,@blam.etruth who r u,2024-01-07,20.0,0.0,Neutral
250,250,61177964936,18214282396283039,@amiyahrobinsonn someone with more than 900 followers ğŸ˜­,2024-01-07,55.0,-0.4767,Negative
251,251,3064711410,17964026540561753,@blam.etruth bro has 0 followers ğŸ’€ get a life ğŸ™ğŸ½,2024-01-07,48.0,0.0,Neutral
252,252,61177964936,18027480085918970,@amiyahrobinsonn burnerğŸ˜®â€ğŸ’¨,2024-01-07,26.0,0.0,Neutral
253,253,2361165567,17996123816452632,He calls her BRO ğŸ˜­. We know enough,2024-01-07,34.0,-0.4767,Negative
254,254,7590396274,17985475958385545,ğŸ”¥ğŸ”¥ğŸ”¥,2024-01-07,3.0,-0.7351,Negative
255,255,1425151116,18053733307482119,People weird asf. That's all I can say lol. I'm glad they're both not listening to a bunch of weirdos on social media. Cause people are just showing how pathetic they truly are atp. Like let these ppl live.,2024-01-07,206.0,0.5719,Positive
256,256,21945776,18015402878084310,@simonebiles but not the GOAT. Lest he forget.,2024-01-07,46.0,-0.3291,Negative
257,257,13329561753,18012877915943990,All the 304s on this post would jump on the next Soirit flight if JO matched with them on an app ğŸ˜‚,2024-01-07,98.0,0.4404,Positive
258,258,263644187,17983721924407392,THATS WHY NOBODY KNOWS WHO TF YOU ARE,2024-01-07,37.0,0.0,Neutral
259,259,60208458324,17934029786696335,Fucking bum,2024-01-07,11.0,0.0,Neutral
260,260,60208458324,18086470417407456,Late ass hit on fields,2024-01-07,22.0,-0.5423,Negative
261,261,60208458324,18019089199959481,Hope you tear your acl,2024-01-07,22.0,0.4404,Positive
262,262,60208458324,18081358540379480,Bum,2024-01-07,3.0,0.0,Neutral
263,263,60208458324,18033051607702792,Clown,2024-01-07,5.0,0.0,Neutral
264,264,60208458324,18112611685345378,Clown,2024-01-07,5.0,0.0,Neutral
265,265,8551346681,18018430279978363,You dirty player I hope Simone cheats on you,2024-01-07,44.0,-0.4215,Negative
266,266,64053177113,18005808734335636,Signed you up for the military have fun in Afghanistan buddy,2024-01-07,60.0,0.5106,Positive
267,267,1433440358,18014969078024784,Good Hit Dawg !!!!ğŸ”¥ğŸ‘ğŸ‘ğŸ‘,2024-01-07,22.0,0.3956,Positive
268,268,1551636520,18409077388056147,Bum,2024-01-07,3.0,0.0,Neutral
269,269,6984168088,17984590226389762,Holy shit what a hit you did to fields . Whatâ€™s been harder to hit fields or your wife,2024-01-07,86.0,-0.5574,Negative
270,270,26580506991,17919991640838827,lil bum bitch,2024-01-07,13.0,-0.5859,Negative
271,271,5970034706,18403408294020255,@rock_howard94 bro ngl most NFL fans donâ€™t know who he is. Packers and NFC north fans will but thatâ€™s it,2024-01-08,104.0,-0.4052,Negative
272,272,9764061640,18220869247301574,@k4rulaa I mean whatâ€™s the hate for tho?,2024-01-08,40.0,-0.5719,Negative
273,273,47684962261,18039238807578673,Dirty hit on fields,2024-01-08,19.0,-0.4404,Negative
274,274,50434261374,18406861777045006,"Fields definitely slid too late, but still f you and ur rich wifeğŸ˜‚",2024-01-08,66.0,0.891,Positive
275,275,48157999242,17890427648962847,Your the best growing young saftey,2024-01-08,34.0,0.7096,Positive
276,276,44463886685,17859524103049555,Simone biles husband ğŸ‘,2024-01-08,22.0,0.0,Neutral
277,277,52217017916,17984837690617612,mr biles,2024-01-08,8.0,0.0,Neutral
278,278,13785674023,17845834683126653,Here to remind you are HER husband.,2024-01-08,35.0,0.0,Neutral
279,279,14225724,18015488090096254,Thatâ€™s actually embarrassing that you didnâ€™t know who Simone biles is. Thatâ€™s not the flex you think it is buddy. Sometimes you should keep your thoughts to yourself and know when to stfu. You sound silly,2024-01-08,204.0,-0.3612,Negative
280,280,3679494360,17984774048385130,ğŸ—‘ï¸,2024-01-08,2.0,0.0,Neutral
281,281,4171289221,18003434597098475,Donâ€™t hurt my QB,2024-01-08,16.0,-0.5267,Negative
282,282,1280433226,18309063115131121,@jmusitelli11 calm down,2024-01-08,23.0,0.3182,Positive
283,283,54643626148,18023756797909741,@alex.munoz14 get a life,2024-01-08,24.0,0.0,Neutral
284,284,263644187,18007595399489783,@jojusbetter pick a state,2024-01-08,25.0,0.0,Neutral
285,285,54643626148,18001903343465328,You commented at least 3 times. Get a life and leave him alone,2024-01-08,62.0,-0.296,Negative
286,286,60208458324,18333426958101126,@jojusbetter cry,2024-01-08,16.0,-0.4767,Negative
287,287,46013000364,18406194511017770,@snxiyah I bet heâ€™s so sad,2024-01-08,26.0,-0.6113,Negative
288,288,45842344,17983643462434585,@snxiyah so,2024-01-09,11.0,0.0,Neutral
289,289,45842344,17984074118416612,@afchikz give it rest,2024-01-09,21.0,0.0,Neutral
290,290,1608139107,18067026064475017,@afchikz I ainâ€™t know simone until he posted shordie lol yall sound clownish,2024-01-10,76.0,0.4215,Positive
291,291,36884847381,18031948843692550,@anne_31168 you tooâ€¦ why are you defending a man with a red pill mindset ğŸ˜®. Get help . Plus all his exes were white so that cant be truğŸ˜‚ğŸ¥±,2024-01-04,137.0,0.2023,Positive
292,292,4500437743,18053803117481732,"I donâ€™t have to tell that to Jonathan Owens.  He never compared his career with Simoneâ€™s, yall did because he said he didnâ€™t know her at the time and that men are the prize.  Newsflash, not everyone knows who Simone Biles is.  Some guys have said they are now learning who she is, since she is attending football.  Yall think Simone knows every outstanding sports person in other sporting disciplines?",2024-01-04,401.0,0.8074,Positive
293,293,4500437743,18016216514047355,"@latypeofgirl Since when do you or anyone else knowing a person add value to them or their life?  Jonathan Owens is an honor roll student who graduated college with honors and at age 28 he is a whole millionaire.  Did you have to know him for him to achieve that?  NOPE ğŸ¤£ğŸ¤£ğŸ¤£ Simone knows who he is,  thatâ€™s who she snuggles up with day and night. ğŸ¤£ğŸ¤£ğŸ¤£",2024-01-04,349.0,0.9808,Positive
294,294,21935620796,18037348654638886,Simone deserves better,2024-01-04,22.0,0.4404,Positive
295,295,41446175291,17981734757626191,"He doesn't respect Simone, so we don't respect him.",2024-01-04,51.0,-0.6566,Negative
296,296,54172849433,17990287790324876,@yana.rayvine Iâ€™m sure he doesnâ€™t and thatâ€™s why they are happily married and Simone has no hard feelings or problems,2024-01-04,117.0,0.5417,Positive
297,297,5535854736,17995991309388388,@spencer_bovat what does TS has to do with it ? Why not tell Travis ? Always blaming it on the women somehow,2024-01-04,108.0,-0.5514,Negative
298,298,51607659191,17862631425067913,do you even know a thing about football? ğŸ˜­,2024-01-04,42.0,-0.4767,Negative
299,299,221327380,18011749316129831,@afchikz who gives a shit.,2024-01-04,26.0,-0.5574,Negative
300,300,460104055,17998984499148192,ğŸ™ŒğŸ˜congratulations you two may your lives be filled with peace and love. May your marriage be long and dear. Marriage is worth all the good and bad. Just showing up each day makes it better and more beautiful. Will pray for your future years together. Xxx,2023-12-28,254.0,0.9728,Positive
301,301,44987140,18039474601616581,"@nevaeh.r.xo still a millionaire with no drama, children and on the rise. ğŸ˜‚ğŸ˜‚",2023-12-28,76.0,0.5574,Positive
302,302,44987140,17996902805187995,@llexipaiige cause ones not trying to bag you.,2023-12-28,46.0,0.0,Neutral
303,303,11316007267,17990685680308176,@king_cap100 another dusty mad ğŸ˜‚,2023-12-28,32.0,-0.0772,Negative
304,304,44987140,17846756859126909,@djuicy_ you mean the dude whos page you're on making this d umb a ss comment? Not sureğŸ˜‚,2023-12-28,88.0,0.2354,Positive
305,305,44987140,17941093763774938,@llexipaiige if im mad what are you sweetie? That man is rich and happy compared to your broke and lonely,2023-12-28,105.0,0.4588,Positive
306,306,11316007267,18015254698886748,"@king_cap100 you obviously didnâ€™t do enough stalking, Iâ€™m good over here creep",2023-12-28,78.0,0.4404,Positive
307,307,11316007267,17993406263450535,@king_cap100 kinda weird you ridin this dude dick so hard that couldnâ€™t care less about you ğŸ˜‚,2023-12-28,93.0,0.1348,Positive
308,308,44987140,17976483908493348,"@llexipaiige just taking up for a brotha knowing his worth like you ğŸ¤¡ do for each other.  Also i came to his page to support, you came to be butthurt so whos stalking whoğŸ˜‚",2023-12-28,171.0,0.8402,Positive
309,309,11316007267,17856555960088609,@king_cap100 anything but. Man needs to know his place considering heâ€™s only known as Mr Simone biles. Quit the cap ğŸ˜‚,2023-12-28,117.0,0.5927,Positive
310,310,44987140,18076461274436837,@llexipaiige his place is on his king shit while spraying chicks like you with b itch b goneğŸ˜‚,2023-12-28,93.0,0.2023,Positive
311,311,11316007267,17945187089755550,@king_cap100 you still barking? Mustâ€™ve hit a nerve s t f u bum a s s,2023-12-28,69.0,0.0,Neutral
312,312,11316007267,18013196563901805,@djuicy_ Mr Simone biles,2023-12-28,24.0,0.0,Neutral
313,313,44987140,18093528505381160,@llexipaiige basic bum b itch responseğŸ˜‚ ğŸ˜,2023-12-28,41.0,0.4404,Positive
314,314,2955444635,18014401592088654,@simonebiles congratulations to the catch Ms Simone biles â¤ï¸,2023-12-29,60.0,0.5994,Positive
315,315,2955444635,18299205985179798,You are nothing without her. I just read your name when I saw your profile and have already forgotten it while typing this comment,2023-12-29,130.0,-0.2263,Negative
316,316,11316007267,17945883419746412,@king_cap100 basic dusty response.,2023-12-29,34.0,0.0,Neutral
317,317,44987140,18025800334845267,@llexipaiige ğŸ¤«,2023-12-29,14.0,0.0,Neutral
318,318,34603887,17909563010866126,Beautiful couple,2023-12-29,16.0,0.5994,Positive
319,319,15395590384,18261587842202583,love that she was humble enough to marry a broke man. simone is such a saint. thank you for doing charity work my queen.,2023-12-29,120.0,0.7717,Positive
320,320,1415207336,18020666326807813,"The â€œcatchâ€ used to live in a tiny apartment in Tempe before he got his big break by marrying Simone, he literally moved into her crib. Thatâ€™s a fact.",2023-12-30,150.0,0.0,Neutral
321,321,8656006368,17977084157639466,@birdshu that says a lot about this man. He always wanna outshine her. I hope Simone didnâ€™t buy that.,2023-12-30,101.0,0.4404,Positive
322,322,51123488772,17988141452595725,â¤ï¸â¤ï¸,2023-12-30,4.0,0.0,Neutral
323,323,146203752,18039092107623780,ğŸ˜‚,2023-12-30,1.0,0.4404,Positive
324,324,1981718278,17993845934406188,Another bored chick,2023-12-31,19.0,-0.2732,Negative
325,325,5916447772,17995904849392105,@llexipaiige u doing the same thing to Biles lmao so I guess yâ€™all  have something in common ğŸ¥´ğŸ’€,2023-12-31,95.0,0.5994,Positive
326,326,239581279,17937282740685749,Mr & Mrs Biles ğŸ˜,2024-01-01,16.0,0.4588,Positive
327,327,4094043087,17989540739324770,Shes a catttchhhh ğŸ™Œ,2024-01-02,19.0,0.0,Neutral
328,328,1351239642,18019253086953283,@nevaeh.r.xo a millionare famous athlete,2024-01-03,40.0,0.0,Neutral
329,329,31702652518,17909000732872825,Look! Itâ€™s Simone biles and her husband â¤ï¸,2024-01-05,42.0,0.0,Neutral
330,330,1926094928,18021000332055620,â¤ï¸â¤ï¸â¤ï¸â¤ï¸,2024-01-06,8.0,0.0,Neutral
331,331,57427673379,18294676195145226,@nevaeh.r.xo omg the glaze,2024-01-08,26.0,0.0,Neutral
332,332,2207724784,17966793929536686,wait who are u?,2024-01-10,15.0,0.0,Neutral
333,333,307662013,18010494107484003,@fl0pg0d can and have and Simone is still the catch,2024-01-10,51.0,0.0,Neutral
334,334,11316007267,17849682249114803,@mackenzie.annex period ğŸ˜‚,2024-01-10,25.0,0.4404,Positive
335,335,177974414,17945516696761989,ok SBH,2024-01-11,6.0,0.296,Positive
336,336,10000419314,17983669949424967,@llexipaiige ğŸ”¥,2024-01-11,14.0,-0.34,Negative
337,337,261745494,17850349212116650,Why does a man need a ring like that? It looks bigger than Simoneâ€™s!! What an insecure little egomaniacâ€¦.,2024-01-16,105.0,-0.2225,Negative
338,338,31702652518,18007661315210708,Look! Itâ€™s Simone bilesâ€™s husband on a fake account!,2024-01-17,52.0,-0.5696,Negative
339,339,1403496914,17994983555270980,I hope Simone Biles is happy with,2024-01-19,33.0,0.765,Positive
340,340,1403496914,18001887410147026,whoever this man is....,2024-01-19,23.0,0.0,Neutral
341,341,63210340874,17986158725388702,Beautiful Couple ğŸ™ŒğŸ™ŒğŸ”¥ğŸ”¥,2024-01-20,21.0,0.0258,Neutral
342,342,52794288,18002232398363434,@olivia.stegeman Broke? He's an NFL player lmao,2024-01-21,47.0,0.2732,Positive
343,343,5538794927,18088558555405411,@thejordantaylor compared to Simone?!?! A multi gold medal Olympic athlete with countless brand dealsğŸ’€ also sheâ€™s also double his net worth,2024-01-25,139.0,0.7135,Positive
344,344,52794288,17899072328942993,@weirdassprettybitch Relationships aren't competitions smh ğŸ¤¦ğŸ¿â€â™‚ï¸,2024-01-25,64.0,0.2411,Positive
345,345,5538794927,18023166058819570,@thejordantaylor ??? What no one saying their relationship is the competition he stated heâ€™s the catch but I do believe sheâ€™s more rich and famous so how can he be the catch,2024-01-25,173.0,0.7414,Positive
346,346,52794288,18044670577554805,"@weirdassprettybitch Saying he's the catch doesn't mean he thinks she's not a catch herself. Idk why ya'll are so obsessed with other people's relationships. They both seem happy, let them be happy",2024-01-26,197.0,0.6964,Positive
347,347,51916171718,18041636545553480,@djuicy_ Simone Bilesâ€™ husband is how heâ€™s known to everyone,2023-12-23,60.0,0.0,Neutral
348,348,16749071134,17978302763629103,"@catsrus420 thank you,you get the JOKE",2023-12-23,38.0,0.6633,Positive
349,349,61633657183,17984550257537364,@djuicy_ you just choose who you have sex with i chose who i want its 2 different things,2023-12-23,88.0,0.0772,Positive
350,350,61633657183,18020679691778463,@djuicy_ you wish you got paid lol,2023-12-23,34.0,0.6705,Positive
351,351,2950786245,18319891177109548,he really needs to feed his ego bu saying he is the catch. If a man secure with himself they wont say those things.ğŸ˜‚ğŸ¤¡ğŸ¤¡ğŸ¤¡,2023-12-24,119.0,0.6486,Positive
352,352,16749071134,18122197267333211,@moneymike88v lil nigha look at you getting personal you donâ€™t even know me and i donâ€™t gotta do nun of that im paid and very much in a happy relationship leave me tf alone with your miserable asss,2023-12-24,197.0,-0.1779,Negative
353,353,1029789624,18322880593107836,"@djuicy_ your in his comments asking his nameğŸ˜‚, GUMP",2023-12-24,52.0,0.4404,Positive
354,354,7156659991,18369093415078114,ğŸ‘,2023-12-24,1.0,0.0,Neutral
355,355,16749071134,18031255468742175,ğŸ€ @nsgbusta ykw youre right the joke is up mrs.@simonebiles is tired and so is @jowens we gotta stop yâ€™all this why famous tired of the fans. and as someone who admires mrs.biles she has been my icon and sheâ€™s a respectable women who deserves all the respect she can get so i apologize for my ignorance and stupidity.ğŸ€,2023-12-24,318.0,-0.2551,Negative
356,356,41955204,17905048232905135,@dreamalicious__ spoken like a true peasant,2023-12-24,43.0,0.6486,Positive
357,357,16749071134,18006985379481168,@king_sess_lbc your stfu you have # with free diddy,2023-12-24,51.0,0.5106,Positive
358,358,41955204,18012729284100521,@djuicy_ and,2023-12-24,12.0,0.0,Neutral
359,359,16749071134,18068881048458845,@king_sess_lbc need i say more?,2023-12-24,31.0,0.0,Neutral
360,360,41955204,18036543217633282,@djuicy_ ohhh you thought it was for Puffy... peasant and slow.  Since you looking so hard do a little more research before you type,2023-12-24,132.0,-0.2183,Negative
361,361,41955204,17988065357575117,@djuicy_  @zoediddieofficials guess you gotta change ya name cuzo ğŸ˜‚ğŸ˜‚ğŸ˜‚,2023-12-24,69.0,0.8271,Positive
362,362,41955204,18017009953854349,@djuicy_ nah just read more ğŸ˜‚ğŸ˜‚ğŸ˜‚ğŸ˜‚,2023-12-24,32.0,0.8731,Positive
363,363,16749071134,18041015185553340,@king_sess_lbc nar i knew who it was for i just like making people on the net mad i reply to all,2023-12-24,96.0,-0.1779,Negative
364,364,41955204,18011986957921812,@djuicy_ well you succ at it... continue,2023-12-24,40.0,0.2732,Positive
365,365,16749071134,18293187013199411,@king_sess_lbc i mean do i really tho i got a few people maybe you nextâ€¦,2023-12-24,72.0,0.0,Neutral
366,366,326295916,18062405770489205,@king_sess_lbc why I gotta do that?,2023-12-24,35.0,0.0,Neutral
367,367,41955204,17921823848747604,@zoediddieofficials diddie to close to diddie ğŸ˜¹ğŸ˜¹ğŸ˜¹,2023-12-24,49.0,0.8271,Positive
368,368,326295916,18013838045090870,@king_sess_lbc ğŸ˜¹ğŸ˜¹ğŸ˜¹,2023-12-24,18.0,0.8271,Positive
369,369,60060903432,18009834167284006,Simone Biles! Most decorated gymnast of all time and some guy dancing. Cuteâ¤ï¸,2023-12-24,77.0,0.5093,Positive
370,370,41955204,18029166076802048,@djuicy_ ğŸ˜‚ğŸ˜‚ğŸ˜‚ğŸ˜‚ cause I donâ€™t,2023-12-24,27.0,0.891,Positive
371,371,41955204,18029000893810397,@djuicy_ play nice huh you said you commented to get people mad now I gotta play nice with a private page with no pics can only imagine how bad you lookâ€¦ donâ€™t let that bar go ova ya head,2023-12-24,187.0,0.128,Positive
372,372,2031894063,18009628327977765,The fact that his wedding band is trying to steal the show says a lot,2023-12-24,69.0,-0.4939,Negative
373,373,61608086083,18008486729508892,@llexipaiige he literally is she was interested in him,2023-12-24,54.0,0.4019,Positive
375,375,54837980324,18251929774234944,"@nevaeh.r.xo exactly, with her 7 million + followers, vs his 400k. Sheâ€™s way more known than him in the sports world. Period..",2023-12-24,126.0,0.0,Neutral
376,376,54172849433,18291102157156981,@nevaeh.r.xo a starting nfl saftey for the Green Bay packers who is 4th in tackles on his team and making millions every year. Some people got nothing better to do than hate,2023-12-24,173.0,-0.7274,Negative
377,377,62482114223,18004903394193131,@nevaeh.r.xo She went and sought after him ğŸ˜‚,2023-12-24,44.0,0.4404,Positive
378,378,62482114223,17962816397555965,@elizabethhoneyyy She went and sought after him ğŸ˜‚,2023-12-24,49.0,0.4404,Positive
379,379,48437653249,18058711078499871,What does 1 person being known than the other have to do in a relationship? In a house?,2023-12-25,87.0,0.0,Neutral
380,380,53978231084,18390809629064260,@dreamalicious__ girlllll thatâ€™s Simone Biles' 1st husband ğŸ¤£ğŸ¤£ğŸ¤£ğŸ¤£ğŸ¤£ I,2023-12-26,66.0,0.9432,Positive
381,381,368106547,18014657984069204,She probably paid for the wedding,2023-12-26,33.0,0.0,Neutral
382,382,37518950689,17995244360203781,Congrats to Mr & Mrs Simone Biles,2023-12-27,33.0,0.5267,Positive
383,383,3527921648,18022776493922624,you got 400k on here ğŸ«¤ she got 7M,2023-12-27,33.0,0.0,Neutral
384,384,29164671041,17924697269817210,@nevaeh.r.xo that bible verse in your bio seems hypocritical when you publicly judge people and put them down. Letâ€™s try to speak life insteadğŸ¤·â€â™‚ï¸,2023-12-27,146.0,-0.4588,Negative
385,385,50234380092,17884786973980088,@ro_______ne no only when he does it on the Field if he does that,2023-12-27,65.0,-0.296,Negative
386,386,442740010,18058371448497702,Beautiful wedding ğŸ™Œâ¤ï¸ Young committed black love is EVERYTHING ğŸ˜ğŸ’ğŸ‘ğŸ¾ğŸ™,2023-12-27,68.0,0.9217,Positive
387,387,58630260025,18051708652534758,@nevaeh.r.xo a professional nfl athlete millionaire,2023-12-27,51.0,0.0,Neutral
388,388,4702939007,17857951170083791,@fl0pg0d He is not a millionaire ğŸ˜‚,2023-12-27,34.0,0.4404,Positive
389,389,4702939007,18013838573033858,"@lefeixara888 Youâ€™re mad, how is someone with 400+ known?",2023-12-27,57.0,-0.4939,Negative
390,390,29713976802,17991682295294334,@lefeixara888 his own job announcer called him â€œSimone biles husbandâ€ man cannot hideğŸ˜­,2023-12-27,86.0,0.4717,Positive
391,391,40228449497,18304295401193073,"Bru, don't nobody like you!",2023-12-28,27.0,-0.3404,Negative
392,392,29929218,18013923341031771,She is so beautiful!!! I hope you signed a prenuptial to protect her from you.,2023-12-28,78.0,0.9124,Positive
393,393,39187798282,18262055224203156,Damn your wife can do better,2023-12-23,28.0,0.0516,Positive
394,394,39187798282,17864905008053742,@nevaeh.r.xo for real she dominates him entirely she sets records and wins gold medals. Itâ€™s insane,2023-12-23,99.0,0.296,Positive
395,395,6955132964,17994161240237877,@lefeixara888 ew first of all thatâ€™s some pedophilia right there,2023-12-23,64.0,0.0,Neutral
396,396,6955132964,17884435049922353,@lefeixara888 youâ€™re sick because you want me a child to enter your DM first when you started all this now if you really want to talk about your love for black women go talk to your mama.,2023-12-23,187.0,0.4201,Positive
397,397,40475060,17987442404599440,@llexipaiige he literally is. Stay mad,2023-12-23,38.0,-0.4939,Negative
398,398,415051041,17978543378631149,@djuicy_ Mr Simone Biles. Thatâ€™s the only name he will be known forâ€¦until heâ€™s EX Mr Simone Biles.,2023-12-23,98.0,0.0,Neutral
399,399,1300076903,18135612922312210,Should say Jonathon James Biles*,2023-12-23,32.0,0.0,Neutral
400,400,45318547829,17890015517974994,You think I'm insecure about my age or some ğŸ˜‚ mb your just old,2024-01-23,62.0,0.0258,Neutral
401,401,7660966047,18093345403366814,@jack_ozgood youâ€™re so goofy ğŸ˜‚,2024-01-23,30.0,0.4404,Positive
402,402,45318547829,18338203432100563,And your a grown women arguing with a 18 year old grow up,2024-01-23,57.0,-0.4588,Negative
403,403,7660966047,18009426956035516,@jack_ozgood didnâ€™t your mom tell you not to talk to strangers on the internet ? ğŸ˜‚ precious thing,2024-01-23,97.0,0.765,Positive
404,404,45318547829,18021750868943381,Your still doing this making fun of my age thing which is silly ig pop off like give me something else it's getting boring,2024-01-23,122.0,0.5574,Positive
405,405,7660966047,18017598641072794,@jack_ozgood brb gonna tell Principal Peperkorn on you ğŸ˜‚,2024-01-23,56.0,0.4404,Positive
406,406,7660966047,17935029308803184,@emma__jemma__ HAHAHAHAHAHA,2024-01-23,27.0,0.0,Neutral
407,407,45318547829,18076674235453648,I have my school in my bio is that suppose to scare me like ğŸ˜‚,2024-01-24,61.0,0.296,Positive
408,408,45318547829,17994530348294364,Blocked tho bc ur weird af,2024-01-24,26.0,-0.4215,Negative
409,409,64133093137,18253204729229788,@urfavcaro EWWWWWW FUGLYYY THAT DESTORYS THE PLANET MEN ARE THE PRIZE NOWWWWW THESE HOES HATE AND SOBATOGE PRETTY FEMALLESSSS!!!,2024-01-24,128.0,0.6607,Positive
410,410,64133093137,18013168336964202,@snackiejurcik YEA I HOPE SHE LEAVES HIM TOO AND GET WITH SOMEONE FUGLYYYY THESE UGLYYY ASSS BIRDS ARE DPING THIS ON PURPOSE,2024-01-24,124.0,0.5622,Positive
411,411,64133093137,17997686117418312,@kenzie.kaye DONT LISTEN TO FUGLYYYYYYYYYYYYY!!!!!!!! I PROMISE YOU THERES MAAAAAADDDD OTHER PLANETS READY TO SHITTTT ALLL OVER EARTH AND ITS OVERLOAD OF UGLYYYYYYY LYING BUMMY ASSS FEMALESSSS ABD TGESE DUMBY NIGGAS GOING AFTER UGLY GIRLSSSS!!!!!!,2024-01-24,247.0,-0.8869,Negative
412,412,64133093137,17955966299720169,DEVILLSSS MEN OVER POPULATED THE DEVILSSS!!!,2024-01-24,44.0,0.0,Neutral
413,413,64133093137,18004253534123263,@anaua98 EWWWWWWW NOOOO MY EYES ARE BURNINGGGGG THEY CANT EVEN STAND NEXT TO MEEEE!!!!,2024-01-24,86.0,0.0,Neutral
414,414,64133093137,18044019709614289,UGLYYY IS THE DEVILLLLLL AND THESE NUGGAS BIRTH ITTTT!!!,2024-01-24,56.0,0.0,Neutral
415,415,64133093137,18046796917581630,@ole_heckin_mi6 FUGLYYY IS THE DEVILSSSSS,2024-01-24,41.0,0.0,Neutral
416,416,64133093137,18015108784908668,@realslime_k EXACTLY FUGLY IS THE DEVILLL AND THESE DUMB ASS NIGGAS BIRTH IT WATCHHHHH IT DESTROY THE PLANET EARTH IS NOT A REALLL PLANETTTTTTTTT THERES 1000 billion planetS WITH BEAUTIFUL BLK FEMALES WITH HAIRRRR AND BODYS!!,2024-01-24,225.0,-0.9115,Negative
417,417,64133093137,18115102384352760,EARTH IS NOOOOT A REALLLL PLANETTT WITH YOUR GAY ASS TOYOTA CAMARYYY WATCHHH KEEP HAVING YOUR UGLYYY TRYING TOO HAAAARD ABUSED KIDSSSS,2024-01-24,134.0,-0.7783,Negative
418,418,64418911879,18017313566091886,@realslime_k I LAUGH PATHETICALLY AT SLAVERYYY WATCH KEEP BEING STRONGGG!!! WATCH,2024-01-24,81.0,0.3971,Positive
419,419,64418911879,17906912282914120,@itsjess_yes KEEP THINKING ITS OK TO BE FUGLYY ITS CALLED MERCY  OTHER PLANETS DO COME TO FUGLY THIRSTY DUMB SCARY ABUSIVE SLAVERY ASS EARTHHHH!!!,2024-01-24,146.0,-0.9656,Negative
420,420,64418911879,17972419034663065,@itsjess_yes THERES 100 BILLION GALXIES AND THEY ARE BEAUTIFULLLLLL BLK WOMEN WITH BOOOOOMB FOOD BEAUTIFULLLL BODLIES LONG HAIRRRR!!!!,2024-01-24,134.0,0.0,Neutral
421,421,64418911879,17870496705048289,@snackiejurcik I HAAAAATE FUGLYYYYY WITH A PASSSIONNNN!!! THEY WITCHESS!!!,2024-01-24,74.0,0.0,Neutral
422,422,64418911879,17991727589333760,@_queen_blanco ITS GOING TO GO THRU MOOOORE ABUSEEEE!!!,2024-01-24,55.0,0.0,Neutral
423,423,64418911879,18056444461523155,@realslime_k CAUSE HES BEAUTIFULLLL,2024-01-24,35.0,0.0,Neutral
424,424,64418911879,18050851819562449,@4_r0jas_8 SOOOOO WHAAATTTT FUGLYYY IS SOOO READY TO HARRASS BEAUTYYY ITS SCARYYYYY STOO FUCKING FUGLY ITS SO SIMPLE,2024-01-24,116.0,0.4995,Positive
425,425,64418911879,18014800255947228,@anglemilcake SLAVERY BRINGS JOYYY TO MY HEARTTT,2024-01-24,48.0,-0.7603,Negative
426,426,64418911879,17990703512603118,@ole_heckin_mi6 I PRAYYY THAT FUGLY KILLS ME IM NOT AFRAID TO DIEEEE I KNOWWW I GO TO SATURNNNN THAT PLANET IS GOLDDDD WITH A RING AROUND IT!!!,2024-01-24,143.0,-0.7277,Negative
427,427,64418911879,18036513889666958,@sunday_blues13 LOOK AT FUGLY READYYY TO TROLLLL OMGGGG FUGLYYY STOPPPP,2024-01-24,71.0,0.0,Neutral
428,428,64418911879,18323678437118425,@sunday_blues13 THESE OTHER PLANETS DONT WANT NOTHING TO DO WITH EARTHHH THATS ITTT,2024-01-24,83.0,-0.1936,Negative
429,429,64418911879,17991532937528001,@davonterrel EWWWWWW THATS SADDDDVTHAT FEMALES WITH NO HAIR OR BEAUTIFULLLL FACE SND BODY RATHER BE SINGLEE,2024-01-24,107.0,-0.4466,Negative
430,430,64418911879,17884429460991362,@davonterrel MEN FUCKED FUGLY A LONG TIME AGO AND YOUR SELF DESTRUCTINGG WATCH KEEP HAVING YOUR FUGLY ASS KIDS THAT GET RAPPPEDDDD!! THATS SAD AND ITS ABOUT TO BE SADDER!!,2024-01-24,171.0,-0.9661,Negative
431,431,64418911879,18023258806825640,@davonterrel THATS SAAAAAD THESE NIGGAS KNOW NOTHING ABOUT WHAT BEAUTIFULLL ISS STOP KILLING BEAUTIFULLLL DNAAAA!!!!!,2024-01-24,117.0,-0.9241,Negative
432,432,64418911879,17906066048914536,@maddy_rowe_ LOOK AT FUGLY READY TO TROLLLL WITH ITS GAYYY ASS TOUOTA CAMARY!!!,2024-01-24,79.0,-0.4359,Negative
433,433,7660966047,17941370126675199,@idntwanttoimpressfugly Jack is that you ? ğŸ˜‚,2024-01-24,44.0,0.4404,Positive
434,434,4026393218,18008311262511697,this is embarrassing,2024-01-24,20.0,-0.3818,Negative
435,435,30259601030,18410482903057049,@blah.blah8546 Huhâ€¦,2024-01-25,19.0,0.0,Neutral
436,436,4143120870,17974042994652422,âœŠğŸ¾ğŸ–¤,2024-01-25,3.0,0.6369,Positive
437,437,202884462,17860209045056160,@jack_ozgood facts,2024-01-25,18.0,0.0,Neutral
438,438,3298157648,18015428035905716,Donâ€™t forgot to support her dreams!,2024-01-25,35.0,0.69,Positive
439,439,3298157648,18005725430464612,@alexa_cordova_ LMFAO!,2024-01-25,22.0,0.6731,Positive
440,440,1775549688,18085783078417323,@simonebiles not really forever now Simone I sure know youâ€™re smarter than that ğŸ¤£,2024-01-26,81.0,0.8176,Positive
441,441,256605267,18029154304859170,queen â˜®ï¸ğŸ’œ,2024-01-27,9.0,0.8271,Positive
442,442,7223610856,18048396370586643,I wish all the athlete were like you marrying a talented woman not Instagram models,2024-01-27,83.0,0.8176,Positive
443,443,1920143636,18063689755444875,Beautiful,2024-01-29,9.0,0.5994,Positive
444,444,234702738,18254556043209747,congrats Mr. Simone BilesğŸ˜º,2024-01-29,26.0,0.7096,Positive
445,445,13024594950,18024867892899929,God damn what did he do to make yall so pissyğŸ˜­,2024-02-04,46.0,-0.6077,Negative
446,446,53290230288,18090497380406156,@urfavcaro ğŸ˜‚,2024-02-06,12.0,0.4404,Positive
447,447,24191029,17981734403630588,"@naturewild100 you can save the Bible scripture BS thatâ€™s an insecure man thatâ€™s canâ€™t handle being married an athlete thatâ€™s greater than him, PERIOD. Sheâ€™s the GOAT in her sport & heâ€™s low hanging fruit in his. His ego overshadowed his love for her when he made those comments.",2024-01-13,279.0,0.7184,Positive
448,448,14273698911,17873883977985313,@naturewild100 you need help!,2024-01-13,29.0,0.4574,Positive
449,449,4104023820,17856187614073312,@naturewild100 I donâ€™t think you understood the joke lol,2024-01-14,56.0,0.6124,Positive
450,450,7921138737,17939726981780544,â¤ï¸ğŸ˜â¤ï¸,2024-01-14,5.0,0.4588,Positive
451,451,212314409,17928109265810267,â¤ï¸ğŸ–¤ğŸ’š,2024-01-14,4.0,0.8555,Positive
452,452,50014862143,17955388565708667,Wow,2024-01-15,3.0,0.5859,Positive
453,453,180945585,18008706035239420,@caylim.reeva Are you Male or female?,2024-01-15,37.0,0.0,Neutral
454,454,2230999690,18019167679859599,Great job my brother. Continue success on and off the field. Be safe.,2024-01-15,69.0,0.8934,Positive
455,455,10561434099,18008069174331855,"@urfavcaro how is making the NFL a nobody, more than you will ever be",2024-01-15,69.0,0.0,Neutral
456,456,2534531314,18213199381283221,â¤ï¸,2024-01-16,2.0,0.0,Neutral
457,457,45650653489,17878612763960810,@maddy_rowe_ hes not third string lmao hes their starting safetyğŸ’€,2024-01-16,65.0,-0.089,Negative
458,458,48763584731,18407975341058814,"Bro why are yâ€™all tearing this man down like that? He plays for the most competitive, talented league in the world. And you people who donâ€™t make millions of dollars to do what they love have 1000 things to say about people that donâ€™t know or care abt youğŸ¤¦ğŸ¾â€â™‚ï¸ The world has come to absolutely nothing ğŸ¤¦ğŸ¾â€â™‚ï¸",2024-01-16,307.0,0.9475,Positive
459,459,31219454201,18023970970907516,@ellaatz he in the nfl,2024-01-17,22.0,0.0,Neutral
460,460,42450322,18034975078688095,Such a beautiful couple â¤ï¸â¤ï¸â¤ï¸â¤ï¸â¤ï¸,2024-01-18,34.0,0.5994,Positive
461,461,42450322,18273871138162494,@simonebiles you are my little girls hero ğŸ˜¢â¤ï¸ such a beautiful spirit. Congrats on all your success Beautiful! ğŸ¥°,2024-01-18,112.0,0.9768,Positive
462,462,56289383689,17995056629274279,Yeah 34 !!!!!!,2024-01-18,14.0,0.5216,Positive
463,463,55584115,18003234137112254,Mr and Mrs Biles â¤ï¸,2024-01-18,19.0,0.0,Neutral
464,464,1403496914,17951550356733531,Whoa I don't know who this guy is but good for the international all star Simone,2024-01-19,80.0,0.5927,Positive
465,465,34813067,17987959286542731,black loveâ€¦we are rooting for yall. ğŸ”¥,2024-01-20,37.0,-0.34,Negative
466,466,235162124,18380734837072446,ğŸ˜â¤ï¸ğŸ”¥ğŸ”¥,2024-01-20,5.0,-0.2023,Negative
467,467,63210340874,18078005098438170,Congratulations ğŸ™ŒğŸ™Œ ğŸ”¥ğŸ”¥,2024-01-20,21.0,0.0258,Neutral
468,468,23540694,17944776689770877,I love yâ€™all together beautiful couple god bless you guys!!!,2024-01-20,60.0,0.931,Positive
469,469,6078289776,18002133317360260,"@bigballer1244 come on now, check her profile pics she's cute",2024-01-20,61.0,0.4588,Positive
470,470,44253100022,18011448686327113,@snackiejurcik womp womp,2024-01-21,24.0,0.0,Neutral
471,471,1729682557,18209945152285499,Beautiful couple ğŸ˜ğŸ˜ your children will be amazing ğŸ”¥,2024-01-21,51.0,0.9062,Positive
472,472,11819222536,17998597022214128,@maddy_rowe_ Youâ€™re miserable ğŸ˜‚ğŸ˜‚,2024-01-22,32.0,0.3818,Positive
473,473,11819222536,18041102869715587,@alannaaalfaro Who are you?,2024-01-22,27.0,0.0,Neutral
474,474,11819222536,18039170008654463,@hollieo12 He is the catch you goofball ğŸ¤¦ğŸ¾â€â™‚ï¸,2024-01-22,45.0,0.0,Neutral
475,475,206400756,17909735738897996,@ray.b56 dude the amount of ppl u follow tells me everything about youğŸ¤«,2024-01-22,71.0,0.0,Neutral
476,476,11819222536,17997147923243657,People who are making negative comments must have been bullied when they were younger ğŸ¤¦ğŸ¾â€â™‚ï¸,2024-01-22,91.0,-0.8316,Negative
477,477,11819222536,18025718458909726,@_alexandra_claire You sound upset he didnâ€™t choose you ğŸ¤¦ğŸ¾â€â™‚ï¸,2024-01-22,61.0,-0.3818,Negative
478,478,11819222536,18008034485471906,@maddy_rowe_  Like I saidâ€¦. Youâ€™re miserable ğŸ˜­â€¦.. Hating on a relationship thatâ€™s not even yours lol.,2024-01-22,101.0,-0.8567,Negative
479,479,45318547829,17858105697095290,@emma__jemma__ going to his Instagram to hate on a man with a net worth of 9 million when you have 10 followers is crazy ğŸ˜‚,2024-01-22,122.0,-0.3182,Negative
480,480,45318547829,17879144222962374,@jame.sb2110 he got 9 million in his bank account you don't. Hop off ğŸ˜‚,2024-01-22,70.0,0.4404,Positive
481,481,45318547829,18015470773922518,Mr Simone Biles has 9 million in his bank account and plays in the nfl you think he cares about what you think Katie ğŸ˜‚,2024-01-22,118.0,0.7845,Positive
482,482,45318547829,18030004354863641,@davinaaaa418 You got 9 million in your bank account just curious,2024-01-22,65.0,0.3182,Positive
483,483,61170886839,18028762456860482,@jack_ozgood Iâ€™m going to k*ll myself Jack I hope this was worth it,2024-01-22,67.0,0.5859,Positive
484,484,45318547829,18039384022641295,@emma__jemma__ lmao you the one looking for trouble searching a man's page up just to hate go bring your toxic lifestyle somewhere else,2024-01-22,135.0,-0.3612,Negative
485,485,61170886839,17842813710156244,@jack_ozgood OK WE GET IT!!!!!,2024-01-22,30.0,0.625,Positive
486,486,5976538260,17982894521472267,@jack_ozgood Why? Are you a thief?,2024-01-23,34.0,-0.5803,Negative
487,487,7660966047,18031390915671731,@jack_ozgood jack shouldnâ€™t you be in school ğŸ˜‚,2024-01-23,46.0,0.4404,Positive
488,488,50378353830,17973360650654674,omg Simone bilesâ€™s husband !!,2024-01-23,29.0,0.0,Neutral
489,489,45318547829,18037593490712114,Nah I work make money you the one hating on a grown man's insta page,2024-01-23,68.0,-0.5719,Negative
490,490,7660966047,17986391324617184,@jack_ozgood thatâ€™s so cute ğŸ˜‚,2024-01-23,29.0,0.7761,Positive
491,491,45318547829,17997953954420409,You think I'm insecure about my age or some ğŸ˜‚ mb your just old,2024-01-23,62.0,0.0258,Neutral
492,492,7660966047,17984028578443808,@jack_ozgood youâ€™re killing me I canâ€™t ğŸ˜‚,2024-01-23,40.0,-0.3612,Negative
493,493,320080575,17899057256866437,@jacob.ksioszk yeah he did he was just lying ğŸ’€ğŸ’€ thereâ€™s literally tweets years ago where he was talking about her and the womenâ€™s gymnast team,2024-01-05,142.0,-0.296,Negative
494,494,36839516089,17896724378942038,@jowens people only know who you are because of Simone. How insecure do you have to be to talk about your wife that way? You seriously jealous of your own wife? Thatâ€™s wild.,2024-01-05,173.0,-0.782,Negative
496,496,3984238305,18023865139911277,Who is you ?,2024-01-05,12.0,0.0,Neutral
497,497,417747274,17862033780037299,"@yasssslawd simone literally said â€œthey vowed to not talk about their sport and who is better at whatâ€ and they still bicker about it. he has a really bad ego problem and can accept a woman as equal, i definitely agree with you",2024-01-05,227.0,0.4485,Positive
498,498,417747274,17959473218704140,@gigixneva *cant accept,2024-01-05,23.0,-0.2924,Negative
499,499,1926094928,18006970385049342,â¤ï¸â¤ï¸â¤ï¸â¤ï¸,2024-01-06,8.0,0.0,Neutral
500,500,61865245088,17911013558885658,Biggest Douche in the league.,2024-01-20,29.0,-0.3612,Negative
501,501,53286044742,18132404383320030,you would have been better off with acting classes than playing football with that performance you gave,2024-01-20,103.0,0.5719,Positive
502,502,45060034783,17943611183661528,Andâ€¦ heâ€™s a flopper,2024-01-20,19.0,0.0,Neutral
503,503,45650653489,18033578083783635,@ornella172117 yeah bc basketball is more international than football and he was a udfa that became a starter for a playoff team,2024-01-21,128.0,0.296,Positive
504,504,45650653489,17982416366619661,@ornella172117 You cant compare national sports to international ones. Its fine if he didnt know simone bc ur not required to know every pro athlete. Shit i didnt know who kobe was at one pointğŸ¤·ğŸ½â€â™‚ï¸ but i learned who that was,2024-01-21,225.0,-0.2263,Negative
505,505,330038246,17847704889122228,the fact that she doesn't think she deserves better than his chest pounding is the saddest part,2024-01-21,95.0,-0.2732,Negative
506,506,1706923261,17971435706662238,Itâ€™s amazing seeing you- A- Flop like the puss you are ğŸ˜‚ğŸ˜‚ B- get destroyed by Kittle and C- instead of actually putting your arms to tackle you just dive at CMC and hope your tiny self can take him down ğŸ˜­,2024-01-21,204.0,0.743,Positive
507,507,1974522656,18012617771144047,"Stop lying bruv, your real name is Simone Biles â€˜s Husband",2024-01-21,58.0,-0.6808,Negative
508,508,1232472860,17918521295848132,ğŸ”¥ğŸ”¥ğŸ”¥ğŸ”¥,2024-01-22,4.0,-0.8225,Negative
509,509,48503496892,18008960090035174,@kenziee_glenn no cause who literally knew this guy before Simone ğŸ˜’,2024-01-22,67.0,-0.296,Negative
510,510,48503496892,17843950488144768,Didnâ€™t know who he was before Simone button>>>>,2024-01-22,47.0,0.0,Neutral
511,511,31296855708,18005526671516584,Bro you clearly jealous of yo own wife Datz sad ash yhu always gon be Simone biles husband no one knows yhu gang ğŸ˜‚,2024-01-23,114.0,-0.4019,Negative
512,512,1669237445,18015899225314016,who is he please ?,2024-01-23,18.0,0.3182,Positive
513,513,468145423,18012249587165563,@curious.canadian salty broad.,2024-01-23,30.0,0.0,Neutral
514,514,3875935255,18010705592485291,Didnâ€™t even know your name when I tried to find you. Had to go to ur wifeâ€™s account.,2024-01-23,84.0,0.0,Neutral
515,515,58426852274,18033488446695219,Go touch a little boy or something you pedo,2024-01-23,43.0,0.0,Neutral
516,516,8881589426,18025897507910912,Saying u never paid attention to gymnastics while live tweeting from the 2012 Olympics is crazy,2024-01-23,95.0,-0.34,Negative
517,517,64133093137,18004940879337818,@c_mills30314 FUGLY WITH ITS BIG ASS MOUTH GOES TO HELL LISYEN FUGLY U DESTROY THE PLANET THERES 100 BILLION GALAXIES AND THEY ARE ALLLLL BEAUTIFULLLL WOMEN PERIOD WITH HAIIIIRRRR BIG BOUNCY JUICY CURLY HAIR BROWN SKIN BEAUTIFULLLL FEMALES THAT NEVER WENT THRU SLAVERY,2024-01-24,268.0,-0.8871,Negative
518,518,64133093137,18013035167155880,@dash__923 DNA IS RECYCLED WIE STUCK ON EITHER PLANETS I DONT STAY HERE WATCHHH,2024-01-24,79.0,-0.4084,Negative
519,519,64133093137,18020757430975329,@dash__923 WATCHHHH THERES 100 BILLION GALAXIESSSSS NEVERMIND PLANETS THEY ALLL HEALTHY AND JUICYYY WATCHHHHHHH,2024-01-24,111.0,0.5319,Positive
520,520,64133093137,17990577473597172,@acebastien EWWWWWWWW DONT LISTEN TO FUGLYYYY FUGLY IS THE DEVILLLLL SIMONE IS FUGLYYYYY,2024-01-24,88.0,0.0,Neutral
521,521,64133093137,17880876813007153,@dash__923 THEY KILLL FUGLY ASSS SIMONE IN OTHER PLANETS WATCH U STUCK ON UGLY ASSS SELF DESTRUCTING EARTH WATTTCHHHHH!!!!,2024-01-24,122.0,-0.9212,Negative
522,522,4026393218,18085745686411306,omg itâ€™s simoneâ€™s husband!,2024-01-24,26.0,0.0,Neutral
523,523,4026393218,18075007627452782,zesty ass stance,2024-01-24,16.0,-0.5423,Negative
524,524,329389908,17958018155609431,"@violet.dreamz lmaoâ€¦A PROFESSIONAL NFL athlete that makes a over a million a year is NOT average, heâ€™s TOP 1%-5% of men in America. You do know not everyone cares about gymnastics either right? Lol. Yâ€™all are DELUSIONAL in these comments.",2024-01-24,238.0,-0.2058,Negative
525,525,55970400143,18031859899805773,@theeoriginalchachi Really?  None of your business.,2024-01-25,51.0,0.0,Neutral
526,526,2735223,17911530650883554,Mr Simone Biles ğŸ˜‚ğŸ˜‚,2024-01-25,18.0,0.7003,Positive
527,527,18355815104,17899677458862210,"Youâ€™re no â€œcatchâ€, buddy. Youâ€™re lucky to have such a good woman. Hopefully one day she will come to her senses and leave your pathetic a** behind. Never heard of you before your words went public. Love you Simone! Hope you signed a pre nup!",2024-01-25,241.0,0.8745,Positive
528,528,61380039852,18013472917980558,@kenziee_glenn ğŸ˜‚,2024-01-25,16.0,0.4404,Positive
529,529,61380039852,17844224673142316,ğŸ˜‚,2024-01-25,1.0,0.4404,Positive
530,530,61380039852,18009111752232153,"Smh he will always be remembered as ,he didn't know who Simone Biles was smh ğŸ¤¦the lies the deceitğŸ˜‚",2024-01-25,98.0,-0.7579,Negative
531,531,61380039852,18046528078593459,@sunxissed82 on point,2024-01-25,21.0,0.0,Neutral
532,532,1527573018,18123504202336136,I said the same damn thing ğŸ˜¡,2024-01-25,28.0,-0.4019,Negative
533,533,251935672,18050137486559545,oh look itâ€™s Simone biles husband,2024-01-25,33.0,0.0,Neutral
534,534,423585524,18284233369085397,Mr. Clean,2024-01-26,9.0,0.4019,Positive
535,535,423585524,18415588864016333,So Sharp,2024-01-26,8.0,0.0,Neutral
536,536,423585524,18009311180329721,Always,2024-01-26,6.0,0.0,Neutral
537,537,11791366206,17988690545369347,"Who are u bro? Oh Simone Biles Husband, I found u through Simone Biles profileğŸ˜‚",2024-01-27,79.0,0.4404,Positive
538,538,11791366206,18253360210175913,"@minidoodleextraordinairre He is the Wife, Simone is the Husband, we understood the roles ğŸ˜‚",2024-01-27,91.0,0.4404,Positive
539,539,11791366206,18007464047209342,@violet.dreamz give an average guy a chance & he'll start acting like he's better than u,2024-01-27,88.0,0.7506,Positive
540,540,29886047469,17953246241732094,Mr Johnathan Owen the CATCH,2024-01-30,27.0,0.0,Neutral
541,541,63980606646,17937853433693266,"Yâ€™all got married on my birthday?!?!,!?!?! Yall tryna outshine me or sum?!?!?",2024-01-30,77.0,0.0,Neutral
542,542,45698959842,17983381964468311,@kenziee_glenn I LOLED BC SAME,2024-01-30,30.0,0.0,Neutral
543,543,1540230861,17987405228396873,yall know self worth goes OUT THE WINDOW when it comes to lightskinned lollipops,2024-02-01,80.0,0.2263,Positive
544,544,1540230861,18005915891094639,that being said he IS fine asf,2024-02-01,30.0,0.2023,Positive
545,545,381127879,18068170279485748,ğŸ˜ what a Beautiful man.,2024-02-04,23.0,0.7845,Positive
546,546,50553296111,18256942114224048,Simone biles husband yooooo,2024-02-05,27.0,0.0,Neutral
547,547,45153476687,18210877090276805,"Thought you'd have turned off comments by now, Mr Biles",2024-01-13,55.0,0.0,Neutral
548,548,33965499,17923373663829081,@migspunz Mr. Biles in the HOUSE!!!,2024-01-13,35.0,0.0,Neutral
549,549,341630931,18409432150028295,A narcissist caught red handed,2024-01-14,30.0,0.0,Neutral
550,550,181244606,18291501199152021,"Literally no one knows who you are. I work in the sports collectibles industry, never heard of you once. We donâ€™t even know what position you play! Go cowboys!",2024-01-14,159.0,0.1984,Positive
551,551,2940060708,17945794361764773,"He competes with her instead of admiring her, a weak man with a fragile ego",2024-01-14,75.0,-0.0772,Negative
552,552,7930988987,18017158070059577,Such a clown youâ€™re married to THE Simone Biles she is the Prize ğŸ† not you nobody would of known you if you werenâ€™t married to  her she has 7 million followers on IG and you have a couple thousand she deserves better @simonebiles girl youâ€™re the prize ğŸ†!!,2024-01-14,255.0,0.8774,Positive
553,553,8556632926,18041733763617233,you a model or a football player? tied of the kissin,2024-01-14,52.0,0.0,Neutral
554,554,49567313630,18031385524823433,Nobody know you before Simone ğŸ˜‚,2024-01-15,31.0,0.4404,Positive
555,555,53707044257,17969203256666799,"Your bio is confusing, simone biles isnt your wifeâ€¦ youâ€™re HER husband",2024-01-15,70.0,-0.2263,Negative
556,556,8676112714,18014981759299426,@danielaahuertaa what's wrong with that a lot of people do that,2024-01-15,63.0,-0.4767,Negative
557,557,1590570420,18038435263638625,Who is this man? And who let him have this much audacity???,2024-01-15,59.0,0.0,Neutral
558,558,1590570420,18038945401641467,Property of Simone Biles,2024-01-15,24.0,0.0,Neutral
559,559,5638198902,17916171455783236,@aeroman91 Dammnn the crazy...he doesn't care bozoğŸ˜‚ğŸ˜‚,2024-01-16,52.0,0.4891,Positive
560,560,5638198902,18021597952824904,Damn all miserable women here ğŸ’€ğŸ’€ğŸ¤£,2024-01-16,33.0,-0.4019,Negative
561,561,8113674975,18404197525002277,Oh look itâ€™s Simone Bileâ€™s husband,2024-01-16,34.0,0.0,Neutral
562,562,45650653489,18079559140429457,@violet.dreamz a professional athlete is average???,2024-01-16,51.0,0.0,Neutral
563,563,1236024691,17934888920698970,"@kiosario professional only after he married, so, 6 whole months now? Owens is practice squad inside and out.",2024-01-16,109.0,0.0,Neutral
564,564,45650653489,17861026014082434,@violet.dreamz hes a starter lmao,2024-01-16,33.0,0.5994,Positive
565,565,1574265975,17923138367753368,Ermm? Saying the person who canâ€™t even show their faceâ€¦try again,2024-01-16,64.0,0.0,Neutral
566,566,1574265975,17994656504586081,Im going to ask you the same question as your profileâ€¦ WHO are you ???? To try to defend him? Good night,2024-01-16,104.0,0.594,Positive
567,567,583233923,18038488921676768,Mr. Biles,2024-01-17,9.0,0.0,Neutral
568,568,20733664,18017555030083459,@amandamichelle13,2024-01-17,17.0,0.0,Neutral
569,569,1582524888,17925302654821736,@kenziee_glenn real,2024-01-18,19.0,0.0,Neutral
570,570,55021452091,18037072852671697,L O S E R !!,2024-01-18,12.0,0.6505,Positive
571,571,252695114,18020102455969737,"@tyson_debarr you look INSECURE and weak, demanding and screaming for respect. This is not king behavior. Itâ€™s embarrassing. Please grow up and act your age.",2024-01-18,157.0,-0.7983,Negative
572,572,252695114,18008866667327077,@portlandraised25 single mom is not an insult. Youâ€™re a grown man and acting like this. How embarrassing,2024-01-18,104.0,0.3822,Positive
573,573,51152981495,18029512159704397,"this is coming from a woman who is inspiring to be an only fans model. Interesting. You are mad because i am defending a black man vice degrading him.. go play little girl. as a matter of fact, get a job, modeling is not for you.",2024-01-18,229.0,-0.0,Neutral
574,574,252695114,17925231542745070,@beautifulqueenreese did you not watch the interview? He disrespected his wife and the other men were shocked too,2024-01-18,113.0,-0.6486,Negative
575,575,252695114,18219664840256935,"@tyson_debarr lol only fans. Again, I can tell you donâ€™t have a healthy/good self esteem by the way you address to talk to others. If you were confident yourself you would never try to tear people down. A confident and kind person only uplift others. You sound like youâ€™re on a very low, dark frequency in life. ğŸ’”",2024-01-18,313.0,0.9301,Positive
576,576,51152981495,18095338042390579,yeah yeah. donâ€™t care..not reading what you wrote.,2024-01-18,50.0,0.5267,Positive
577,577,252695114,18012919226134838,@tyson_debarr I Hope you heal your insecurities and whatâ€™s hurting you!,2024-01-18,71.0,-0.4389,Negative
578,578,51152981495,18292589752156746,"other races observe how women of color treat black men. You have a problem with me being positive towards a black man and his wife. If we are using logic, who looks like they need some healing? I cannot let people disrespect productive, strong, and successful black men. HAVE A GOOD DAY AND THANKS FOR BEING PART OF SOCIETYâ€™s problem.",2024-01-18,334.0,0.9643,Positive
579,579,252695114,18036251488667000,@tyson_debarr if appears as though you havenâ€™t watched the full interview. He clearly disrespected his wife and the other men in the room acknowledged this. Itâ€™s discernment and reading the room.,2024-01-18,195.0,-0.0772,Negative
580,580,4563494531,17995787567432635,@kenziee_glenn Hahahha yesh,2024-01-19,27.0,0.0,Neutral
581,581,36610222,17889616973974395,Heâ€™s talking about race and respecting black men when clearly thereâ€™s a black woman being disrespected by her black husband. Which completely contradicts what he says. Heâ€™s clearly not all there babe. This had nothing to do with race but disrespect as a man to a woman. And that fact that sheâ€™s hold more value as a decorative Olympian.,2024-01-19,336.0,0.2006,Positive
582,582,4618223954,17890916345968259,@cache_alltheway_ and who are you? Simone chased him but you delusional bitter lonely women cannot handle that. You all think a man is supposed to worship the ground you walk on.,2024-01-19,178.0,-0.631,Negative
583,583,273707199,17948011481749297,@protokells you can value yourself without publicly humiliating your spouse and attempting to make her feel small in comparison to yourself,2024-01-19,139.0,0.5086,Positive
584,584,2301482363,17995026590275889,@blasiianmyy he needs to act like his hairline and take a few steps back,2024-01-20,72.0,0.3612,Positive
585,585,34813067,18029461033835634,@theeoriginalchachi not at all. she is an owens! #teamowens,2024-01-20,59.0,0.0,Neutral
586,586,59377200643,18213155353284245,@theeoriginalchachi ğŸ˜¹ğŸ˜¹ğŸ˜¹,2024-01-20,23.0,0.8271,Positive
587,587,17178387,18041225728653866,Hey Mr. Biles looking good.,2024-01-20,27.0,0.4404,Positive
588,588,508340920,18016651067036207,@blasiianmyy Your comment made me choke on my coffee ğŸ¤£ğŸ¤£,2024-01-20,55.0,0.4404,Positive
589,589,4011125986,18372666097073492,@drinkingfelixfelicis ğŸ˜‚ğŸ˜‚ğŸ˜‚,2024-01-20,25.0,0.8271,Positive
590,590,36610222,17906357621913855,@collinsjermaine a what,2024-01-20,23.0,0.0,Neutral
591,591,62976061303,17994090446305558,YOU DIDN'T POST NOT ONE WEDDING PIC OF Y'ALL AS HUSBAND AND WIFE HE IS ONLY ABOUT HIMSELF,2024-01-20,89.0,0.0,Neutral
592,592,1632968073,18033084367740590,you are the worst safety the packers have ever had.,2024-01-20,51.0,-0.3182,Negative
593,593,2345142445,17997699233402353,You canâ€™t even make a tackle. Bum.,2024-01-20,34.0,0.0,Neutral
594,594,6078289776,18392406397066972,"Oh that's the ""catch""? Never heard of him before",2024-01-20,48.0,0.0,Neutral
595,595,6078289776,17869039683050437,@kiosario no offense but he's no Lebron. I personnally didn't know him until he married Simon. I knew Simon though and I don't even watch gymnastics,2024-01-20,148.0,-0.3464,Negative
596,596,1518499752,17890685690900172,You should add in your bio that youâ€™re HER husband,2024-01-05,50.0,0.0,Neutral
597,597,33206281260,18036088975710681,Gold digger,2024-01-06,11.0,0.0,Neutral
598,598,41535235453,17923607435744670,She did a mistake,2024-01-06,17.0,-0.34,Negative
599,599,7285051487,18407971957057453,You gained THOUSANDS of followers because of your wife. Check that ego at the door @simonebiles  IS The Catch,2024-01-06,109.0,0.3818,Positive
